AA, DFW, ELP, 20200301, 0, 0, 117, 118
AA, DFW, ELP, 20200302, 0, 0, 117, 102
AA, DFW, ELP, 20200303, 0, 0, 117, 118
AA, DFW, ELP, 20200304, 0, 0, 117, 107
AA, DFW, ELP, 20200305, 0, 0, 111, 108
AA, DFW, ELP, 20200306, 0, 0, 111, 102
AA, DFW, ELP, 20200307, 0, 0, 111, 113
AA, DFW, ELP, 20200308, 0, 0, 111, 106
AA, DFW, ELP, 20200309, 0, 0, 111, 108
AA, DFW, ELP, 20200310, 0, 0, 111, 91
AA, DFW, ELP, 20200311, 0, 0, 111, 115
AA, DFW, ELP, 20200312, 0, 0, 111, 107
AA, DFW, ELP, 20200313, 0, 0, 111, 115
AA, DFW, ELP, 20200314, 0, 0, 111, 109
AA, DFW, ELP, 20200315, 0, 0, 111, 122
AA, DFW, ELP, 20200316, 0, 0, 111, 111
AA, DFW, ELP, 20200317, 0, 0, 111, 142
AA, DFW, ELP, 20200318, 0, 0, 111, 141
AA, DFW, ELP, 20200319, 0, 0, 111, 105
AA, DFW, ELP, 20200320, 0, 0, 111, 123
AA, DFW, ELP, 20200321, 0, 0, 111, 143
AA, DFW, ELP, 20200322, 0, 0, 111, 108
AA, DFW, ELP, 20200323, 0, 0, 111, 0
AA, DFW, ELP, 20200324, 0, 0, 111, 117
AA, DFW, ELP, 20200325, 0, 0, 111, 100
AA, DFW, ELP, 20200326, 0, 0, 111, 0
AA, DFW, ELP, 20200327, 0, 0, 111, 0
AA, DFW, ELP, 20200328, 0, 0, 111, 0
AA, DFW, ELP, 20200329, 0, 0, 111, 111
AA, DFW, ELP, 20200330, 0, 0, 111, 0
AA, DFW, ELP, 20200331, 0, 0, 111, 0
AA, PHX, ELP, 20200301, 0, 0, 75, 68
AA, PHX, ELP, 20200302, 0, 0, 75, 69
AA, PHX, ELP, 20200303, 0, 0, 75, 79
AA, PHX, ELP, 20200304, 0, 0, 75, 71
AA, DFW, ELP, 20200301, 0, 0, 113, 124
AA, DFW, ELP, 20200302, 0, 0, 113, 116
AA, DFW, ELP, 20200303, 0, 0, 113, 111
AA, DFW, ELP, 20200304, 0, 0, 113, 100
AA, DFW, ELP, 20200305, 0, 0, 106, 94
AA, DFW, ELP, 20200306, 0, 0, 106, 98
AA, DFW, ELP, 20200307, 0, 0, 106, 110
AA, DFW, ELP, 20200308, 0, 0, 106, 101
AA, DFW, ELP, 20200309, 0, 0, 106, 98
AA, DFW, ELP, 20200310, 0, 0, 106, 105
AA, DFW, ELP, 20200311, 0, 0, 106, 103
AA, DFW, ELP, 20200312, 0, 0, 106, 111
AA, DFW, ELP, 20200313, 0, 0, 106, 105
AA, DFW, ELP, 20200314, 0, 0, 106, 100
AA, DFW, ELP, 20200315, 0, 0, 106, 101
AA, DFW, ELP, 20200316, 0, 0, 106, 109
AA, DFW, ELP, 20200317, 0, 0, 106, 100
AA, DFW, ELP, 20200318, 0, 0, 106, 110
AA, DFW, ELP, 20200319, 0, 0, 106, 126
AA, DFW, ELP, 20200320, 0, 0, 106, 107
AA, DFW, ELP, 20200321, 0, 0, 106, 123
AA, DFW, ELP, 20200322, 0, 0, 106, 111
AA, DFW, ELP, 20200323, 0, 0, 106, 115
AA, DFW, ELP, 20200324, 0, 0, 106, 0
AA, DFW, ELP, 20200325, 0, 0, 106, 0
AA, DFW, ELP, 20200326, 0, 0, 106, 0
AA, DFW, ELP, 20200327, 0, 0, 106, 0
AA, DFW, ELP, 20200328, 0, 0, 106, 0
AA, DFW, ELP, 20200329, 0, 0, 106, 0
AA, DFW, ELP, 20200330, 0, 0, 106, 0
AA, DFW, ELP, 20200331, 0, 0, 106, 0
AA, DFW, ELP, 20200301, 0, 0, 118, 106
AA, DFW, ELP, 20200302, 0, 0, 118, 121
AA, DFW, ELP, 20200303, 0, 0, 118, 111
AA, DFW, ELP, 20200304, 0, 0, 118, 93
AA, DFW, ELP, 20200305, 0, 0, 112, 120
AA, DFW, ELP, 20200306, 0, 0, 112, 110
AA, DFW, ELP, 20200308, 0, 0, 112, 111
AA, DFW, ELP, 20200309, 0, 0, 112, 110
AA, DFW, ELP, 20200310, 0, 0, 112, 105
AA, DFW, ELP, 20200311, 0, 0, 112, 106
AA, DFW, ELP, 20200312, 0, 0, 112, 114
AA, DFW, ELP, 20200313, 0, 0, 112, 173
AA, DFW, ELP, 20200315, 0, 0, 112, 110
AA, DFW, ELP, 20200316, 0, 0, 112, 110
AA, DFW, ELP, 20200317, 0, 0, 112, 118
AA, DFW, ELP, 20200318, 0, 0, 112, 106
AA, DFW, ELP, 20200319, 0, 0, 112, 106
AA, DFW, ELP, 20200320, 0, 0, 112, 0
AA, DFW, ELP, 20200322, 0, 0, 112, 113
AA, DFW, ELP, 20200323, 0, 0, 112, 110
AA, DFW, ELP, 20200324, 0, 0, 112, 0
AA, DFW, ELP, 20200325, 0, 0, 112, 0
AA, DFW, ELP, 20200326, 0, 0, 112, 104
AA, DFW, ELP, 20200327, 0, 0, 112, 0
AA, DFW, ELP, 20200329, 0, 0, 112, 114
AA, DFW, ELP, 20200330, 0, 0, 112, 0
AA, DFW, ELP, 20200331, 0, 0, 112, 102
AA, DFW, ELP, 20200310, 0, 0, 105, 99
AA, DFW, ELP, 20200317, 0, 0, 105, 103
AA, DFW, ELP, 20200324, 0, 0, 105, 0
AA, DFW, ELP, 20200331, 0, 0, 105, 0
AA, PHX, ELP, 20200305, 0, 0, 80, 95
AA, PHX, ELP, 20200306, 0, 0, 80, 83
AA, PHX, ELP, 20200308, 0, 0, 80, 79
AA, PHX, ELP, 20200309, 0, 0, 80, 67
AA, PHX, ELP, 20200310, 0, 0, 80, 83
AA, PHX, ELP, 20200311, 0, 0, 80, 83
AA, PHX, ELP, 20200312, 0, 0, 80, 77
AA, PHX, ELP, 20200313, 0, 0, 80, 69
AA, PHX, ELP, 20200315, 0, 0, 80, 71
AA, PHX, ELP, 20200316, 0, 0, 80, 0
AA, PHX, ELP, 20200317, 0, 0, 80, 84
AA, PHX, ELP, 20200318, 0, 0, 80, 79
AA, PHX, ELP, 20200319, 0, 0, 80, 76
AA, PHX, ELP, 20200320, 0, 0, 80, 91
AA, PHX, ELP, 20200322, 0, 0, 80, 0
AA, PHX, ELP, 20200323, 0, 0, 80, 78
AA, PHX, ELP, 20200324, 0, 0, 80, 65
AA, PHX, ELP, 20200325, 0, 0, 80, 0
AA, PHX, ELP, 20200326, 0, 0, 80, 0
AA, PHX, ELP, 20200327, 0, 0, 80, 68
AA, PHX, ELP, 20200329, 0, 0, 80, 0
AA, PHX, ELP, 20200330, 0, 0, 80, 0
AA, PHX, ELP, 20200331, 0, 0, 80, 0
AA, PHX, ELP, 20200307, 0, 0, 80, 78
AA, PHX, ELP, 20200314, 0, 0, 80, 78
AA, PHX, ELP, 20200321, 0, 0, 80, 76
AA, PHX, ELP, 20200328, 0, 0, 80, 71
AA, DFW, ELP, 20200303, 0, 0, 114, 104
AA, DFW, ELP, 20200301, 0, 0, 121, 108
AA, DFW, ELP, 20200302, 0, 0, 121, 117
AA, DFW, ELP, 20200303, 0, 0, 121, 128
AA, DFW, ELP, 20200304, 0, 0, 121, 97
AA, DFW, ELP, 20200305, 0, 0, 113, 106
AA, DFW, ELP, 20200306, 0, 0, 113, 115
AA, DFW, ELP, 20200307, 0, 0, 113, 105
AA, DFW, ELP, 20200308, 0, 0, 113, 106
AA, DFW, ELP, 20200309, 0, 0, 113, 110
AA, DFW, ELP, 20200310, 0, 0, 113, 118
AA, DFW, ELP, 20200311, 0, 0, 113, 110
AA, DFW, ELP, 20200312, 0, 0, 113, 110
AA, DFW, ELP, 20200313, 0, 0, 113, 111
AA, DFW, ELP, 20200314, 0, 0, 113, 110
AA, DFW, ELP, 20200315, 0, 0, 113, 126
AA, DFW, ELP, 20200316, 0, 0, 113, 107
AA, DFW, ELP, 20200317, 0, 0, 113, 107
AA, DFW, ELP, 20200318, 0, 0, 113, 132
AA, DFW, ELP, 20200319, 0, 0, 113, 110
AA, DFW, ELP, 20200320, 0, 0, 113, 115
AA, DFW, ELP, 20200321, 0, 0, 113, 113
AA, DFW, ELP, 20200322, 0, 0, 113, 105
AA, DFW, ELP, 20200323, 0, 0, 113, 109
AA, DFW, ELP, 20200324, 0, 0, 113, 115
AA, DFW, ELP, 20200325, 0, 0, 113, 0
AA, DFW, ELP, 20200326, 0, 0, 113, 99
AA, DFW, ELP, 20200327, 0, 0, 113, 0
AA, DFW, ELP, 20200328, 0, 0, 113, 0
AA, DFW, ELP, 20200329, 0, 0, 113, 131
AA, DFW, ELP, 20200330, 0, 0, 113, 117
AA, DFW, ELP, 20200331, 0, 0, 113, 0
AA, DFW, ELP, 20200301, 0, 0, 119, 128
AA, DFW, ELP, 20200302, 0, 0, 119, 120
AA, DFW, ELP, 20200303, 0, 0, 119, 308
AA, DFW, ELP, 20200304, 0, 0, 119, 99
AA, DFW, ELP, 20200305, 0, 0, 111, 105
AA, DFW, ELP, 20200306, 0, 0, 111, 106
AA, DFW, ELP, 20200307, 0, 0, 111, 98
AA, DFW, ELP, 20200308, 0, 0, 111, 106
AA, DFW, ELP, 20200309, 0, 0, 111, 113
AA, DFW, ELP, 20200310, 0, 0, 111, 105
AA, DFW, ELP, 20200311, 0, 0, 111, 103
AA, DFW, ELP, 20200312, 0, 0, 111, 107
AA, DFW, ELP, 20200313, 0, 0, 111, 108
AA, DFW, ELP, 20200314, 0, 0, 111, 112
AA, DFW, ELP, 20200315, 0, 0, 111, 102
AA, DFW, ELP, 20200316, 0, 0, 111, 0
AA, DFW, ELP, 20200317, 0, 0, 111, 107
AA, DFW, ELP, 20200318, 0, 0, 111, 98
AA, DFW, ELP, 20200319, 0, 0, 111, 136
AA, DFW, ELP, 20200320, 0, 0, 111, 105
AA, DFW, ELP, 20200321, 0, 0, 111, 105
AA, DFW, ELP, 20200322, 0, 0, 111, 103
AA, DFW, ELP, 20200323, 0, 0, 111, 0
AA, DFW, ELP, 20200324, 0, 0, 111, 0
AA, DFW, ELP, 20200325, 0, 0, 111, 0
AA, DFW, ELP, 20200326, 0, 0, 111, 0
AA, DFW, ELP, 20200327, 0, 0, 111, 105
AA, DFW, ELP, 20200328, 0, 0, 111, 108
AA, DFW, ELP, 20200329, 0, 0, 111, 124
AA, DFW, ELP, 20200330, 0, 0, 111, 111
AA, DFW, ELP, 20200331, 0, 0, 111, 0
UA, DEN, ELP, 20200331, 0, 0, 118, 110
UA, DEN, ELP, 20200331, 0, 0, 118, 0
UA, DEN, ELP, 20200331, 0, 0, 118, 0
UA, DEN, ELP, 20200330, 0, 0, 118, 0
UA, DEN, ELP, 20200330, 0, 0, 115, 110
UA, DEN, ELP, 20200330, 0, 0, 118, 0
UA, DEN, ELP, 20200329, 0, 0, 118, 112
UA, DEN, ELP, 20200329, 0, 0, 115, 123
UA, DEN, ELP, 20200329, 0, 0, 118, 0
UA, DEN, ELP, 20200328, 0, 0, 118, 95
UA, DEN, ELP, 20200328, 0, 0, 118, 99
UA, DEN, ELP, 20200327, 0, 0, 119, 122
UA, DEN, ELP, 20200327, 0, 0, 115, 0
UA, DEN, ELP, 20200326, 0, 0, 119, 125
UA, DEN, ELP, 20200326, 0, 0, 115, 113
UA, DEN, ELP, 20200325, 0, 0, 119, 0
UA, DEN, ELP, 20200325, 0, 0, 118, 0
UA, DEN, ELP, 20200324, 0, 0, 119, 112
UA, DEN, ELP, 20200324, 0, 0, 115, 0
UA, DEN, ELP, 20200323, 0, 0, 119, 0
UA, DEN, ELP, 20200323, 0, 0, 115, 0
UA, DEN, ELP, 20200306, 0, 0, 119, 133
UA, DEN, ELP, 20200306, 0, 0, 115, 111
UA, DEN, ELP, 20200305, 0, 0, 119, 98
UA, DEN, ELP, 20200305, 0, 0, 115, 105
UA, DEN, ELP, 20200304, 0, 0, 124, 113
UA, DEN, ELP, 20200303, 0, 0, 124, 118
UA, DEN, ELP, 20200302, 0, 0, 124, 136
UA, DEN, ELP, 20200301, 0, 0, 124, 141
UA, DEN, ELP, 20200322, 0, 0, 118, 0
UA, DEN, ELP, 20200321, 0, 0, 118, 116
UA, DEN, ELP, 20200321, 0, 0, 118, 122
UA, DEN, ELP, 20200320, 0, 0, 119, 122
UA, DEN, ELP, 20200320, 0, 0, 115, 131
UA, DEN, ELP, 20200319, 0, 0, 119, 0
UA, DEN, ELP, 20200319, 0, 0, 115, 0
UA, DEN, ELP, 20200318, 0, 0, 119, 125
UA, DEN, ELP, 20200318, 0, 0, 118, 119
UA, DEN, ELP, 20200317, 0, 0, 119, 124
UA, DEN, ELP, 20200317, 0, 0, 115, 107
UA, DEN, ELP, 20200316, 0, 0, 119, 107
UA, DEN, ELP, 20200316, 0, 0, 115, 108
UA, DEN, ELP, 20200315, 0, 0, 118, 120
UA, DEN, ELP, 20200314, 0, 0, 118, 107
UA, DEN, ELP, 20200313, 0, 0, 119, 118
UA, DEN, ELP, 20200313, 0, 0, 115, 130
UA, DEN, ELP, 20200312, 0, 0, 119, 114
UA, DEN, ELP, 20200312, 0, 0, 115, 118
UA, DEN, ELP, 20200311, 0, 0, 119, 106
UA, DEN, ELP, 20200311, 0, 0, 118, 106
UA, DEN, ELP, 20200310, 0, 0, 119, 118
UA, DEN, ELP, 20200310, 0, 0, 115, 108
UA, DEN, ELP, 20200309, 0, 0, 119, 111
UA, DEN, ELP, 20200309, 0, 0, 115, 108
UA, DEN, ELP, 20200308, 0, 0, 115, 112
UA, DEN, ELP, 20200307, 0, 0, 118, 105
UA, DEN, ELP, 20200307, 0, 0, 118, 101
AA, LAX, ELP, 20200301, 0, 0, 114, 107
AA, LAX, ELP, 20200302, 0, 0, 114, 110
AA, LAX, ELP, 20200303, 0, 0, 114, 113
AA, LAX, ELP, 20200304, 0, 0, 114, 109
AA, LAX, ELP, 20200305, 0, 0, 114, 125
AA, LAX, ELP, 20200306, 0, 0, 114, 115
AA, LAX, ELP, 20200307, 0, 0, 114, 102
AA, LAX, ELP, 20200308, 0, 0, 114, 112
AA, LAX, ELP, 20200309, 0, 0, 114, 100
AA, LAX, ELP, 20200310, 0, 0, 114, 119
AA, LAX, ELP, 20200311, 0, 0, 114, 100
AA, LAX, ELP, 20200312, 0, 0, 114, 116
AA, LAX, ELP, 20200313, 0, 0, 114, 106
AA, LAX, ELP, 20200314, 0, 0, 114, 103
AA, LAX, ELP, 20200315, 0, 0, 114, 105
AA, LAX, ELP, 20200316, 0, 0, 114, 111
AA, LAX, ELP, 20200317, 0, 0, 114, 105
AA, LAX, ELP, 20200318, 0, 0, 114, 112
AA, LAX, ELP, 20200319, 0, 0, 114, 107
AA, LAX, ELP, 20200320, 0, 0, 114, 98
AA, LAX, ELP, 20200321, 0, 0, 114, 98
AA, LAX, ELP, 20200322, 0, 0, 114, 102
AA, LAX, ELP, 20200323, 0, 0, 114, 99
AA, LAX, ELP, 20200324, 0, 0, 114, 105
AA, LAX, ELP, 20200325, 0, 0, 114, 105
AA, LAX, ELP, 20200326, 0, 0, 114, 104
AA, LAX, ELP, 20200327, 0, 0, 114, 105
AA, LAX, ELP, 20200328, 0, 0, 114, 99
AA, LAX, ELP, 20200329, 0, 0, 114, 97
AA, LAX, ELP, 20200330, 0, 0, 114, 109
AA, LAX, ELP, 20200331, 0, 0, 114, 108
AA, LAX, ELP, 20200301, 0, 0, 114, 102
AA, LAX, ELP, 20200302, 0, 0, 114, 121
AA, LAX, ELP, 20200303, 0, 0, 114, 120
AA, LAX, ELP, 20200304, 0, 0, 114, 113
AA, LAX, ELP, 20200305, 0, 0, 114, 125
AA, LAX, ELP, 20200306, 0, 0, 114, 113
AA, LAX, ELP, 20200307, 0, 0, 114, 105
AA, LAX, ELP, 20200308, 0, 0, 114, 107
AA, LAX, ELP, 20200309, 0, 0, 114, 110
AA, LAX, ELP, 20200310, 0, 0, 114, 106
AA, LAX, ELP, 20200311, 0, 0, 114, 105
AA, LAX, ELP, 20200312, 0, 0, 114, 122
AA, LAX, ELP, 20200313, 0, 0, 114, 106
AA, LAX, ELP, 20200314, 0, 0, 114, 110
AA, LAX, ELP, 20200315, 0, 0, 114, 106
AA, LAX, ELP, 20200316, 0, 0, 114, 111
AA, LAX, ELP, 20200317, 0, 0, 114, 112
AA, LAX, ELP, 20200318, 0, 0, 114, 108
AA, LAX, ELP, 20200319, 0, 0, 114, 100
AA, LAX, ELP, 20200320, 0, 0, 114, 109
AA, LAX, ELP, 20200321, 0, 0, 114, 98
AA, LAX, ELP, 20200322, 0, 0, 114, 116
AA, LAX, ELP, 20200323, 0, 0, 114, 104
AA, LAX, ELP, 20200324, 0, 0, 114, 106
AA, LAX, ELP, 20200325, 0, 0, 114, 110
AA, LAX, ELP, 20200326, 0, 0, 114, 0
AA, LAX, ELP, 20200327, 0, 0, 114, 104
AA, LAX, ELP, 20200328, 0, 0, 114, 97
AA, LAX, ELP, 20200329, 0, 0, 114, 0
AA, LAX, ELP, 20200330, 0, 0, 114, 0
AA, LAX, ELP, 20200331, 0, 0, 114, 0
AA, LAX, ELP, 20200301, 0, 0, 118, 107
AA, LAX, ELP, 20200302, 0, 0, 118, 111
AA, LAX, ELP, 20200303, 0, 0, 118, 127
AA, LAX, ELP, 20200304, 0, 0, 118, 121
AA, LAX, ELP, 20200305, 0, 0, 119, 138
AA, LAX, ELP, 20200306, 0, 0, 119, 114
AA, LAX, ELP, 20200307, 0, 0, 119, 114
AA, LAX, ELP, 20200308, 0, 0, 119, 111
AA, LAX, ELP, 20200309, 0, 0, 119, 124
AA, LAX, ELP, 20200310, 0, 0, 119, 119
AA, LAX, ELP, 20200311, 0, 0, 119, 113
AA, LAX, ELP, 20200312, 0, 0, 119, 119
AA, LAX, ELP, 20200313, 0, 0, 119, 115
AA, LAX, ELP, 20200314, 0, 0, 119, 149
AA, LAX, ELP, 20200315, 0, 0, 119, 112
AA, LAX, ELP, 20200316, 0, 0, 119, 109
AA, LAX, ELP, 20200317, 0, 0, 119, 118
AA, LAX, ELP, 20200318, 0, 0, 119, 118
AA, LAX, ELP, 20200319, 0, 0, 119, 105
AA, LAX, ELP, 20200320, 0, 0, 119, 106
AA, LAX, ELP, 20200321, 0, 0, 119, 106
AA, LAX, ELP, 20200322, 0, 0, 119, 107
AA, LAX, ELP, 20200323, 0, 0, 119, 125
AA, LAX, ELP, 20200324, 0, 0, 119, 0
AA, LAX, ELP, 20200325, 0, 0, 119, 0
AA, LAX, ELP, 20200326, 0, 0, 119, 0
AA, LAX, ELP, 20200327, 0, 0, 119, 0
AA, LAX, ELP, 20200328, 0, 0, 119, 0
AA, LAX, ELP, 20200329, 0, 0, 119, 0
AA, LAX, ELP, 20200330, 0, 0, 119, 0
AA, LAX, ELP, 20200331, 0, 0, 119, 0
DL, ATL, ELP, 20200301, 0, 0, 213, 205
DL, ATL, ELP, 20200301, 0, 0, 212, 211
DL, ATL, ELP, 20200302, 0, 0, 213, 212
DL, ATL, ELP, 20200302, 0, 0, 212, 225
DL, ATL, ELP, 20200303, 0, 0, 213, 422
DL, ATL, ELP, 20200303, 0, 0, 212, 209
DL, ATL, ELP, 20200310, 0, 0, 213, 195
DL, ATL, ELP, 20200310, 0, 0, 212, 191
DL, ATL, ELP, 20200311, 0, 0, 213, 200
DL, ATL, ELP, 20200311, 0, 0, 212, 197
DL, ATL, ELP, 20200320, 0, 0, 203, 199
DL, ATL, ELP, 20200320, 0, 0, 209, 196
DL, ATL, ELP, 20200320, 0, 0, 208, 0
DL, ATL, ELP, 20200321, 0, 0, 199, 210
DL, ATL, ELP, 20200321, 0, 0, 212, 212
DL, ATL, ELP, 20200322, 0, 0, 203, 0
DL, ATL, ELP, 20200322, 0, 0, 209, 201
DL, ATL, ELP, 20200322, 0, 0, 208, 0
DL, ATL, ELP, 20200323, 0, 0, 203, 207
DL, ATL, ELP, 20200304, 0, 0, 213, 193
DL, ATL, ELP, 20200304, 0, 0, 212, 205
DL, ATL, ELP, 20200305, 0, 0, 213, 194
DL, ATL, ELP, 20200305, 0, 0, 212, 195
DL, ATL, ELP, 20200306, 0, 0, 213, 189
DL, ATL, ELP, 20200315, 0, 0, 209, 191
DL, ATL, ELP, 20200316, 0, 0, 203, 195
DL, ATL, ELP, 20200316, 0, 0, 209, 190
DL, ATL, ELP, 20200316, 0, 0, 208, 187
DL, ATL, ELP, 20200317, 0, 0, 203, 204
DL, ATL, ELP, 20200317, 0, 0, 209, 191
DL, ATL, ELP, 20200317, 0, 0, 208, 0
DL, ATL, ELP, 20200326, 0, 0, 208, 197
DL, ATL, ELP, 20200327, 0, 0, 203, 0
DL, ATL, ELP, 20200327, 0, 0, 208, 201
DL, ATL, ELP, 20200328, 0, 0, 199, 210
DL, ATL, ELP, 20200328, 0, 0, 212, 221
DL, ATL, ELP, 20200329, 0, 0, 203, 0
DL, ATL, ELP, 20200329, 0, 0, 208, 217
DL, ATL, ELP, 20200306, 0, 0, 212, 195
DL, ATL, ELP, 20200307, 0, 0, 214, 197
DL, ATL, ELP, 20200308, 0, 0, 213, 186
DL, ATL, ELP, 20200308, 0, 0, 212, 194
DL, ATL, ELP, 20200309, 0, 0, 213, 189
DL, ATL, ELP, 20200309, 0, 0, 212, 196
DL, ATL, ELP, 20200318, 0, 0, 203, 206
DL, ATL, ELP, 20200318, 0, 0, 209, 202
DL, ATL, ELP, 20200318, 0, 0, 208, 192
DL, ATL, ELP, 20200319, 0, 0, 203, 216
DL, ATL, ELP, 20200319, 0, 0, 209, 202
DL, ATL, ELP, 20200319, 0, 0, 208, 207
DL, ATL, ELP, 20200330, 0, 0, 203, 0
DL, ATL, ELP, 20200330, 0, 0, 208, 208
DL, ATL, ELP, 20200331, 0, 0, 203, 0
DL, ATL, ELP, 20200331, 0, 0, 208, 0
DL, ATL, ELP, 20200312, 0, 0, 209, 196
DL, ATL, ELP, 20200313, 0, 0, 209, 195
DL, ATL, ELP, 20200314, 0, 0, 212, 195
DL, ATL, ELP, 20200323, 0, 0, 209, 210
DL, ATL, ELP, 20200323, 0, 0, 208, 0
DL, ATL, ELP, 20200324, 0, 0, 203, 211
DL, ATL, ELP, 20200324, 0, 0, 209, 240
DL, ATL, ELP, 20200324, 0, 0, 208, 0
DL, ATL, ELP, 20200325, 0, 0, 203, 216
DL, ATL, ELP, 20200325, 0, 0, 208, 192
DL, ATL, ELP, 20200326, 0, 0, 203, 0
UA, IAH, ELP, 20200329, 0, 0, 129, 0
UA, IAH, ELP, 20200305, 0, 0, 129, 140
UA, IAH, ELP, 20200306, 0, 0, 129, 120
UA, IAH, ELP, 20200307, 0, 0, 129, 120
UA, IAH, ELP, 20200308, 0, 0, 129, 140
UA, IAH, ELP, 20200310, 0, 0, 129, 137
UA, IAH, ELP, 20200313, 0, 0, 129, 120
UA, IAH, ELP, 20200317, 0, 0, 129, 115
UA, IAH, ELP, 20200320, 0, 0, 129, 150
UA, IAH, ELP, 20200324, 0, 0, 129, 0
UA, IAH, ELP, 20200327, 0, 0, 129, 0
UA, IAH, ELP, 20200329, 0, 0, 129, 0
UA, IAH, ELP, 20200330, 0, 0, 129, 0
UA, IAH, ELP, 20200331, 0, 0, 129, 0
UA, IAH, ELP, 20200308, 0, 0, 129, 119
UA, IAH, ELP, 20200314, 0, 0, 129, 110
UA, IAH, ELP, 20200315, 0, 0, 129, 110
UA, IAH, ELP, 20200321, 0, 0, 129, 140
UA, IAH, ELP, 20200322, 0, 0, 129, 114
UA, IAH, ELP, 20200328, 0, 0, 129, 0
UA, IAH, ELP, 20200301, 0, 0, 143, 148
UA, IAH, ELP, 20200309, 0, 0, 129, 126
UA, IAH, ELP, 20200311, 0, 0, 129, 134
UA, IAH, ELP, 20200312, 0, 0, 129, 124
UA, IAH, ELP, 20200314, 0, 0, 129, 127
UA, IAH, ELP, 20200315, 0, 0, 129, 130
UA, IAH, ELP, 20200316, 0, 0, 129, 113
UA, IAH, ELP, 20200318, 0, 0, 129, 122
UA, IAH, ELP, 20200319, 0, 0, 129, 147
UA, IAH, ELP, 20200321, 0, 0, 129, 120
UA, IAH, ELP, 20200322, 0, 0, 129, 133
UA, IAH, ELP, 20200323, 0, 0, 129, 0
UA, IAH, ELP, 20200325, 0, 0, 129, 0
UA, IAH, ELP, 20200326, 0, 0, 129, 121
UA, IAH, ELP, 20200328, 0, 0, 129, 118
UA, IAH, ELP, 20200302, 0, 0, 130, 135
UA, IAH, ELP, 20200303, 0, 0, 130, 124
UA, IAH, ELP, 20200304, 0, 0, 130, 144
UA, ORD, ELP, 20200304, 0, 0, 205, 208
UA, ORD, ELP, 20200305, 0, 0, 205, 201
UA, ORD, ELP, 20200306, 0, 0, 205, 206
UA, ORD, ELP, 20200308, 0, 0, 205, 218
UA, ORD, ELP, 20200309, 0, 0, 205, 216
UA, ORD, ELP, 20200311, 0, 0, 205, 207
UA, ORD, ELP, 20200312, 0, 0, 205, 215
UA, ORD, ELP, 20200313, 0, 0, 205, 227
UA, ORD, ELP, 20200315, 0, 0, 205, 216
UA, ORD, ELP, 20200316, 0, 0, 205, 220
UA, ORD, ELP, 20200318, 0, 0, 205, 230
UA, ORD, ELP, 20200319, 0, 0, 205, 223
UA, ORD, ELP, 20200320, 0, 0, 205, 235
UA, ORD, ELP, 20200322, 0, 0, 205, 0
UA, ORD, ELP, 20200323, 0, 0, 205, 0
UA, ORD, ELP, 20200325, 0, 0, 205, 218
UA, ORD, ELP, 20200326, 0, 0, 205, 0
UA, ORD, ELP, 20200327, 0, 0, 205, 233
UA, ORD, ELP, 20200329, 0, 0, 205, 0
UA, ORD, ELP, 20200330, 0, 0, 205, 0
UA, ORD, ELP, 20200331, 0, 0, 205, 200
UA, IAH, ELP, 20200330, 0, 0, 129, 0
UA, IAH, ELP, 20200331, 0, 0, 129, 0
UA, IAH, ELP, 20200303, 0, 0, 143, 138
UA, IAH, ELP, 20200304, 0, 0, 143, 167
UA, IAH, ELP, 20200301, 0, 0, 136, 144
UA, IAH, ELP, 20200302, 0, 0, 136, 131
UA, IAH, ELP, 20200303, 0, 0, 136, 141
UA, IAH, ELP, 20200304, 0, 0, 136, 160
UA, IAH, ELP, 20200307, 0, 0, 129, 126
UA, IAH, ELP, 20200308, 0, 0, 129, 129
UA, IAH, ELP, 20200314, 0, 0, 129, 125
UA, IAH, ELP, 20200315, 0, 0, 129, 137
UA, IAH, ELP, 20200321, 0, 0, 129, 0
UA, IAH, ELP, 20200322, 0, 0, 129, 133
UA, IAH, ELP, 20200328, 0, 0, 129, 0
F9, DEN, ELP, 20200301, 0, 0, 111, 109
F9, DEN, ELP, 20200305, 0, 0, 111, 113
F9, DEN, ELP, 20200308, 0, 0, 111, 161
F9, DEN, ELP, 20200310, 0, 0, 110, 109
F9, DEN, ELP, 20200312, 0, 0, 110, 108
F9, DEN, ELP, 20200315, 0, 0, 110, 118
F9, DEN, ELP, 20200317, 0, 0, 110, 110
F9, DEN, ELP, 20200319, 0, 0, 110, 0
F9, DEN, ELP, 20200322, 0, 0, 110, 99
F9, DEN, ELP, 20200324, 0, 0, 110, 109
F9, DEN, ELP, 20200326, 0, 0, 110, 0
F9, DEN, ELP, 20200329, 0, 0, 110, 0
F9, DEN, ELP, 20200331, 0, 0, 110, 0
G4, LAS, ELP, 20200313, 0, 0, 98, 108
G4, LAS, ELP, 20200323, 0, 0, 98, 0
G4, LAS, ELP, 20200316, 0, 0, 98, 95
G4, LAS, ELP, 20200306, 0, 0, 98, 91
G4, LAS, ELP, 20200302, 0, 0, 98, 97
G4, LAS, ELP, 20200320, 0, 0, 98, 0
G4, LAS, ELP, 20200330, 0, 0, 98, 0
G4, LAS, ELP, 20200309, 0, 0, 98, 95
G4, LAS, ELP, 20200327, 0, 0, 98, 0
UA, ORD, ELP, 20200303, 0, 0, 212, 209
UA, ORD, ELP, 20200302, 0, 0, 214, 198
UA, ORD, ELP, 20200302, 0, 0, 212, 222
UA, ORD, ELP, 20200301, 0, 0, 214, 201
UA, ORD, ELP, 20200301, 0, 0, 212, 214
AA, ORD, ELP, 20200301, 0, 0, 222, 225
AA, ORD, ELP, 20200302, 0, 0, 222, 208
AA, ORD, ELP, 20200303, 0, 0, 222, 213
AA, ORD, ELP, 20200304, 0, 0, 222, 196
AA, ORD, ELP, 20200305, 0, 0, 206, 189
AA, ORD, ELP, 20200306, 0, 0, 206, 192
AA, ORD, ELP, 20200307, 0, 0, 206, 190
AA, ORD, ELP, 20200308, 0, 0, 206, 254
AA, ORD, ELP, 20200309, 0, 0, 206, 192
AA, ORD, ELP, 20200310, 0, 0, 206, 229
AA, ORD, ELP, 20200311, 0, 0, 206, 197
AA, ORD, ELP, 20200312, 0, 0, 206, 207
AA, ORD, ELP, 20200313, 0, 0, 206, 235
AA, ORD, ELP, 20200314, 0, 0, 206, 228
AA, ORD, ELP, 20200315, 0, 0, 206, 211
AA, ORD, ELP, 20200316, 0, 0, 206, 194
AA, ORD, ELP, 20200317, 0, 0, 206, 219
AA, ORD, ELP, 20200318, 0, 0, 206, 220
AA, ORD, ELP, 20200319, 0, 0, 206, 224
AA, ORD, ELP, 20200320, 0, 0, 206, 222
AA, ORD, ELP, 20200321, 0, 0, 206, 207
AA, ORD, ELP, 20200322, 0, 0, 206, 255
AA, ORD, ELP, 20200323, 0, 0, 206, 221
AA, ORD, ELP, 20200324, 0, 0, 206, 207
AA, ORD, ELP, 20200325, 0, 0, 206, 216
AA, ORD, ELP, 20200326, 0, 0, 206, 227
AA, ORD, ELP, 20200327, 0, 0, 206, 234
AA, ORD, ELP, 20200328, 0, 0, 206, 206
AA, ORD, ELP, 20200329, 0, 0, 206, 0
AA, ORD, ELP, 20200330, 0, 0, 206, 233
AA, ORD, ELP, 20200331, 0, 0, 206, 0
AA, ORD, ELP, 20200301, 0, 0, 227, 204
AA, ORD, ELP, 20200302, 0, 0, 227, 234
AA, ORD, ELP, 20200303, 0, 0, 227, 219
AA, ORD, ELP, 20200304, 0, 0, 227, 194
AA, ORD, ELP, 20200305, 0, 0, 209, 197
AA, ORD, ELP, 20200306, 0, 0, 209, 204
AA, ORD, ELP, 20200307, 0, 0, 209, 197
AA, ORD, ELP, 20200308, 0, 0, 209, 222
AA, ORD, ELP, 20200309, 0, 0, 209, 221
AA, ORD, ELP, 20200310, 0, 0, 209, 223
AA, ORD, ELP, 20200311, 0, 0, 209, 229
AA, ORD, ELP, 20200312, 0, 0, 209, 237
AA, ORD, ELP, 20200313, 0, 0, 209, 212
AA, ORD, ELP, 20200314, 0, 0, 209, 214
AA, ORD, ELP, 20200315, 0, 0, 209, 218
AA, ORD, ELP, 20200316, 0, 0, 209, 214
AA, ORD, ELP, 20200317, 0, 0, 209, 229
AA, ORD, ELP, 20200318, 0, 0, 209, 198
AA, ORD, ELP, 20200319, 0, 0, 209, 240
AA, ORD, ELP, 20200320, 0, 0, 209, 227
AA, ORD, ELP, 20200321, 0, 0, 209, 234
AA, ORD, ELP, 20200322, 0, 0, 209, 206
AA, ORD, ELP, 20200323, 0, 0, 209, 216
AA, ORD, ELP, 20200324, 0, 0, 209, 226
AA, ORD, ELP, 20200325, 0, 0, 209, 214
AA, ORD, ELP, 20200326, 0, 0, 209, 213
AA, ORD, ELP, 20200327, 0, 0, 209, 235
AA, ORD, ELP, 20200328, 0, 0, 209, 226
AA, ORD, ELP, 20200329, 0, 0, 209, 217
AA, ORD, ELP, 20200330, 0, 0, 209, 0
AA, ORD, ELP, 20200331, 0, 0, 209, 190
UA, DEN, ELP, 20200312, 0, 0, 118, 122
UA, DEN, ELP, 20200312, 0, 0, 118, 120
UA, IAH, ELP, 20200312, 0, 0, 129, 123
UA, DEN, ELP, 20200313, 0, 0, 118, 142
UA, DEN, ELP, 20200313, 0, 0, 118, 138
UA, IAH, ELP, 20200313, 0, 0, 129, 141
UA, DEN, ELP, 20200314, 0, 0, 119, 104
UA, DEN, ELP, 20200314, 0, 0, 118, 119
UA, DEN, ELP, 20200315, 0, 0, 119, 109
UA, DEN, ELP, 20200315, 0, 0, 118, 117
UA, DEN, ELP, 20200315, 0, 0, 113, 111
UA, DEN, ELP, 20200316, 0, 0, 118, 116
UA, DEN, ELP, 20200316, 0, 0, 118, 106
UA, IAH, ELP, 20200316, 0, 0, 129, 133
UA, DEN, ELP, 20200317, 0, 0, 118, 116
UA, DEN, ELP, 20200317, 0, 0, 118, 111
UA, ORD, ELP, 20200317, 0, 0, 205, 215
UA, DEN, ELP, 20200318, 0, 0, 118, 116
UA, DEN, ELP, 20200319, 0, 0, 118, 0
UA, DEN, ELP, 20200319, 0, 0, 118, 0
UA, DEN, ELP, 20200301, 0, 0, 125, 121
UA, DEN, ELP, 20200301, 0, 0, 119, 122
UA, DEN, ELP, 20200301, 0, 0, 122, 134
UA, DEN, ELP, 20200302, 0, 0, 125, 118
UA, DEN, ELP, 20200302, 0, 0, 119, 128
UA, DEN, ELP, 20200329, 0, 0, 118, 0
UA, DEN, ELP, 20200330, 0, 0, 118, 0
UA, DEN, ELP, 20200302, 0, 0, 122, 115
UA, DEN, ELP, 20200303, 0, 0, 125, 101
UA, DEN, ELP, 20200303, 0, 0, 119, 116
UA, DEN, ELP, 20200304, 0, 0, 125, 107
UA, DEN, ELP, 20200304, 0, 0, 119, 106
UA, DEN, ELP, 20200304, 0, 0, 122, 96
UA, DEN, ELP, 20200305, 0, 0, 118, 114
UA, DEN, ELP, 20200305, 0, 0, 118, 112
UA, IAH, ELP, 20200305, 0, 0, 129, 138
UA, DEN, ELP, 20200306, 0, 0, 118, 108
UA, DEN, ELP, 20200306, 0, 0, 118, 110
UA, IAH, ELP, 20200306, 0, 0, 129, 129
UA, DEN, ELP, 20200307, 0, 0, 116, 109
UA, IAH, ELP, 20200307, 0, 0, 129, 114
UA, DEN, ELP, 20200308, 0, 0, 118, 116
UA, DEN, ELP, 20200308, 0, 0, 119, 110
UA, DEN, ELP, 20200308, 0, 0, 118, 119
UA, DEN, ELP, 20200309, 0, 0, 118, 111
UA, DEN, ELP, 20200309, 0, 0, 118, 107
UA, IAH, ELP, 20200309, 0, 0, 129, 143
UA, DEN, ELP, 20200310, 0, 0, 118, 104
UA, DEN, ELP, 20200310, 0, 0, 118, 110
UA, ORD, ELP, 20200310, 0, 0, 205, 216
UA, DEN, ELP, 20200311, 0, 0, 118, 110
UA, IAH, ELP, 20200319, 0, 0, 129, 148
UA, DEN, ELP, 20200320, 0, 0, 118, 106
UA, DEN, ELP, 20200320, 0, 0, 118, 0
UA, IAH, ELP, 20200320, 0, 0, 129, 134
UA, DEN, ELP, 20200321, 0, 0, 119, 0
UA, DEN, ELP, 20200322, 0, 0, 119, 104
UA, DEN, ELP, 20200322, 0, 0, 118, 105
UA, DEN, ELP, 20200322, 0, 0, 115, 107
UA, DEN, ELP, 20200323, 0, 0, 118, 123
UA, DEN, ELP, 20200323, 0, 0, 118, 0
UA, IAH, ELP, 20200323, 0, 0, 129, 0
UA, DEN, ELP, 20200324, 0, 0, 118, 109
UA, DEN, ELP, 20200324, 0, 0, 118, 0
UA, ORD, ELP, 20200324, 0, 0, 205, 0
UA, DEN, ELP, 20200325, 0, 0, 118, 0
UA, DEN, ELP, 20200326, 0, 0, 118, 116
UA, DEN, ELP, 20200326, 0, 0, 118, 0
UA, IAH, ELP, 20200326, 0, 0, 129, 0
UA, DEN, ELP, 20200327, 0, 0, 118, 0
UA, DEN, ELP, 20200327, 0, 0, 118, 0
UA, IAH, ELP, 20200327, 0, 0, 129, 0
UA, DEN, ELP, 20200328, 0, 0, 119, 0
AS, SEA, ELP, 20200301, 0, 0, 214, 196
AS, SEA, ELP, 20200302, 0, 0, 214, 195
AS, SEA, ELP, 20200303, 0, 0, 214, 198
AS, SEA, ELP, 20200304, 0, 0, 214, 184
AS, SEA, ELP, 20200305, 0, 0, 214, 201
AS, SEA, ELP, 20200306, 0, 0, 214, 211
AS, SEA, ELP, 20200307, 0, 0, 214, 200
AS, SEA, ELP, 20200308, 0, 0, 214, 202
AS, SEA, ELP, 20200309, 0, 0, 214, 192
AS, SEA, ELP, 20200310, 0, 0, 214, 199
AS, SEA, ELP, 20200311, 0, 0, 214, 195
AS, SEA, ELP, 20200312, 0, 0, 214, 202
AS, SEA, ELP, 20200313, 0, 0, 214, 224
AS, SEA, ELP, 20200314, 0, 0, 214, 202
AS, SEA, ELP, 20200315, 0, 0, 214, 210
AS, SEA, ELP, 20200316, 0, 0, 214, 206
AS, SEA, ELP, 20200317, 0, 0, 214, 206
AS, SEA, ELP, 20200318, 0, 0, 214, 218
AS, SEA, ELP, 20200319, 0, 0, 205, 208
AS, SEA, ELP, 20200320, 0, 0, 205, 199
AS, SEA, ELP, 20200321, 0, 0, 205, 189
AS, SEA, ELP, 20200322, 0, 0, 205, 185
AS, SEA, ELP, 20200323, 0, 0, 205, 190
AS, SEA, ELP, 20200324, 0, 0, 205, 193
AS, SEA, ELP, 20200325, 0, 0, 205, 195
AS, SEA, ELP, 20200326, 0, 0, 205, 208
AS, SEA, ELP, 20200327, 0, 0, 205, 197
AS, SEA, ELP, 20200328, 0, 0, 205, 187
AS, SEA, ELP, 20200329, 0, 0, 205, 189
AS, SEA, ELP, 20200330, 0, 0, 205, 0
AS, SEA, ELP, 20200331, 0, 0, 205, 0
WN, AUS, ELP, 20200301, 0, 0, 95, 101
WN, AUS, ELP, 20200301, 0, 0, 100, 97
WN, AUS, ELP, 20200301, 0, 0, 100, 96
WN, DAL, ELP, 20200301, 0, 0, 110, 100
WN, DAL, ELP, 20200301, 0, 0, 105, 101
WN, DAL, ELP, 20200301, 0, 0, 115, 106
WN, DAL, ELP, 20200301, 0, 0, 115, 107
WN, DEN, ELP, 20200301, 0, 0, 115, 99
WN, HOU, ELP, 20200301, 0, 0, 125, 134
WN, HOU, ELP, 20200301, 0, 0, 125, 117
WN, LAS, ELP, 20200301, 0, 0, 100, 86
WN, LAS, ELP, 20200301, 0, 0, 100, 89
WN, LAX, ELP, 20200301, 0, 0, 115, 90
WN, PHX, ELP, 20200301, 0, 0, 70, 59
WN, PHX, ELP, 20200301, 0, 0, 70, 56
WN, SAN, ELP, 20200301, 0, 0, 95, 88
WN, SAT, ELP, 20200301, 0, 0, 95, 89
WN, SAT, ELP, 20200301, 0, 0, 90, 90
WN, SAT, ELP, 20200301, 0, 0, 95, 97
WN, AUS, ELP, 20200302, 0, 0, 100, 95
WN, DAL, ELP, 20200302, 0, 0, 115, 103
WN, DAL, ELP, 20200302, 0, 0, 110, 113
WN, DAL, ELP, 20200302, 0, 0, 110, 113
WN, DAL, ELP, 20200302, 0, 0, 105, 107
WN, DEN, ELP, 20200302, 0, 0, 110, 98
WN, HOU, ELP, 20200302, 0, 0, 125, 116
WN, HOU, ELP, 20200302, 0, 0, 125, 124
WN, LAS, ELP, 20200302, 0, 0, 100, 93
WN, LAS, ELP, 20200302, 0, 0, 105, 89
WN, LAX, ELP, 20200302, 0, 0, 110, 104
WN, LAX, ELP, 20200302, 0, 0, 115, 101
WN, PHX, ELP, 20200302, 0, 0, 70, 59
WN, PHX, ELP, 20200302, 0, 0, 70, 66
WN, PHX, ELP, 20200302, 0, 0, 70, 55
WN, SAN, ELP, 20200302, 0, 0, 100, 99
WN, SAT, ELP, 20200302, 0, 0, 95, 88
WN, SAT, ELP, 20200302, 0, 0, 100, 92
WN, AUS, ELP, 20200303, 0, 0, 100, 94
WN, DEN, ELP, 20200307, 0, 0, 105, 93
WN, HOU, ELP, 20200307, 0, 0, 125, 110
WN, LAS, ELP, 20200307, 0, 0, 90, 92
WN, LAS, ELP, 20200307, 0, 0, 100, 97
WN, LAX, ELP, 20200307, 0, 0, 105, 104
WN, PHX, ELP, 20200307, 0, 0, 60, 63
WN, PHX, ELP, 20200307, 0, 0, 75, 76
WN, SAT, ELP, 20200307, 0, 0, 95, 82
WN, AUS, ELP, 20200308, 0, 0, 95, 87
WN, AUS, ELP, 20200308, 0, 0, 100, 88
WN, AUS, ELP, 20200308, 0, 0, 105, 90
WN, DAL, ELP, 20200308, 0, 0, 105, 96
WN, DAL, ELP, 20200308, 0, 0, 110, 102
WN, DAL, ELP, 20200308, 0, 0, 105, 96
WN, DAL, ELP, 20200308, 0, 0, 110, 97
WN, HOU, ELP, 20200308, 0, 0, 115, 123
WN, HOU, ELP, 20200308, 0, 0, 125, 112
WN, HOU, ELP, 20200308, 0, 0, 125, 107
WN, LAS, ELP, 20200308, 0, 0, 95, 91
WN, LAS, ELP, 20200308, 0, 0, 100, 95
WN, LAS, ELP, 20200308, 0, 0, 90, 92
WN, LAX, ELP, 20200308, 0, 0, 115, 109
WN, PHX, ELP, 20200308, 0, 0, 65, 57
WN, SAN, ELP, 20200308, 0, 0, 95, 92
WN, SAT, ELP, 20200308, 0, 0, 95, 92
WN, SAT, ELP, 20200308, 0, 0, 95, 81
WN, SAT, ELP, 20200308, 0, 0, 100, 89
WN, AUS, ELP, 20200309, 0, 0, 100, 97
WN, AUS, ELP, 20200309, 0, 0, 105, 91
WN, DAL, ELP, 20200309, 0, 0, 110, 96
WN, DAL, ELP, 20200309, 0, 0, 110, 107
WN, DAL, ELP, 20200309, 0, 0, 100, 99
WN, DAL, ELP, 20200309, 0, 0, 105, 99
WN, DEN, ELP, 20200309, 0, 0, 105, 101
WN, HOU, ELP, 20200315, 0, 0, 115, 109
WN, HOU, ELP, 20200315, 0, 0, 125, 105
WN, HOU, ELP, 20200315, 0, 0, 125, 110
WN, LAS, ELP, 20200315, 0, 0, 95, 92
WN, LAS, ELP, 20200315, 0, 0, 100, 89
WN, LAS, ELP, 20200315, 0, 0, 90, 95
WN, LAX, ELP, 20200315, 0, 0, 115, 101
WN, PHX, ELP, 20200315, 0, 0, 65, 56
WN, SAN, ELP, 20200315, 0, 0, 95, 94
WN, SAT, ELP, 20200315, 0, 0, 95, 83
WN, SAT, ELP, 20200315, 0, 0, 95, 83
WN, SAT, ELP, 20200315, 0, 0, 100, 82
WN, AUS, ELP, 20200316, 0, 0, 100, 86
WN, AUS, ELP, 20200316, 0, 0, 105, 86
WN, DAL, ELP, 20200316, 0, 0, 110, 98
WN, DAL, ELP, 20200316, 0, 0, 110, 94
WN, DAL, ELP, 20200316, 0, 0, 100, 95
WN, DAL, ELP, 20200316, 0, 0, 105, 94
WN, DEN, ELP, 20200316, 0, 0, 105, 105
WN, HOU, ELP, 20200316, 0, 0, 120, 114
WN, HOU, ELP, 20200316, 0, 0, 120, 106
WN, HOU, ELP, 20200316, 0, 0, 120, 105
WN, LAS, ELP, 20200316, 0, 0, 95, 90
WN, LAS, ELP, 20200316, 0, 0, 100, 98
WN, LAX, ELP, 20200316, 0, 0, 110, 94
WN, LAX, ELP, 20200316, 0, 0, 110, 99
WN, PHX, ELP, 20200316, 0, 0, 70, 58
WN, PHX, ELP, 20200316, 0, 0, 75, 61
WN, SAN, ELP, 20200316, 0, 0, 100, 97
WN, SAT, ELP, 20200316, 0, 0, 95, 82
WN, SAT, ELP, 20200316, 0, 0, 95, 81
WN, AUS, ELP, 20200317, 0, 0, 100, 89
WN, AUS, ELP, 20200317, 0, 0, 105, 95
WN, DAL, ELP, 20200317, 0, 0, 110, 97
WN, DAL, ELP, 20200317, 0, 0, 110, 98
WN, DAL, ELP, 20200317, 0, 0, 100, 102
WN, DAL, ELP, 20200317, 0, 0, 105, 0
WN, DEN, ELP, 20200317, 0, 0, 105, 104
WN, PHX, ELP, 20200325, 0, 0, 70, 59
WN, PHX, ELP, 20200325, 0, 0, 75, 57
WN, SAN, ELP, 20200325, 0, 0, 100, 86
WN, SAT, ELP, 20200325, 0, 0, 95, 108
WN, SAT, ELP, 20200325, 0, 0, 95, 83
WN, AUS, ELP, 20200326, 0, 0, 100, 93
WN, AUS, ELP, 20200326, 0, 0, 105, 89
WN, DAL, ELP, 20200326, 0, 0, 110, 97
WN, DAL, ELP, 20200326, 0, 0, 110, 100
WN, DAL, ELP, 20200326, 0, 0, 100, 99
WN, DAL, ELP, 20200326, 0, 0, 105, 98
WN, DEN, ELP, 20200326, 0, 0, 105, 109
WN, HOU, ELP, 20200326, 0, 0, 120, 105
WN, HOU, ELP, 20200326, 0, 0, 120, 109
WN, HOU, ELP, 20200326, 0, 0, 120, 109
WN, LAS, ELP, 20200326, 0, 0, 95, 0
WN, LAS, ELP, 20200326, 0, 0, 100, 0
WN, LAX, ELP, 20200326, 0, 0, 110, 96
WN, LAX, ELP, 20200326, 0, 0, 110, 100
WN, PHX, ELP, 20200326, 0, 0, 70, 59
WN, PHX, ELP, 20200326, 0, 0, 75, 60
WN, SAN, ELP, 20200326, 0, 0, 100, 0
WN, SAT, ELP, 20200326, 0, 0, 95, 86
WN, SAT, ELP, 20200326, 0, 0, 95, 82
WN, AUS, ELP, 20200327, 0, 0, 100, 0
WN, AUS, ELP, 20200327, 0, 0, 105, 93
WN, DAL, ELP, 20200327, 0, 0, 110, 104
WN, DAL, ELP, 20200327, 0, 0, 110, 0
WN, DAL, ELP, 20200327, 0, 0, 100, 102
WN, DAL, ELP, 20200327, 0, 0, 105, 107
WN, DEN, ELP, 20200327, 0, 0, 105, 105
WN, HOU, ELP, 20200327, 0, 0, 120, 109
WN, HOU, ELP, 20200327, 0, 0, 120, 115
WN, HOU, ELP, 20200327, 0, 0, 120, 111
WN, LAS, ELP, 20200327, 0, 0, 95, 87
WN, LAS, ELP, 20200327, 0, 0, 100, 0
WN, LAX, ELP, 20200327, 0, 0, 110, 98
WN, LAX, ELP, 20200327, 0, 0, 110, 0
WN, DAL, ELP, 20200303, 0, 0, 115, 98
WN, DAL, ELP, 20200303, 0, 0, 110, 102
WN, DAL, ELP, 20200303, 0, 0, 110, 101
WN, DAL, ELP, 20200303, 0, 0, 105, 100
WN, DEN, ELP, 20200303, 0, 0, 110, 96
WN, HOU, ELP, 20200303, 0, 0, 125, 116
WN, HOU, ELP, 20200303, 0, 0, 125, 122
WN, LAS, ELP, 20200303, 0, 0, 100, 90
WN, LAS, ELP, 20200303, 0, 0, 105, 93
WN, LAX, ELP, 20200303, 0, 0, 110, 106
WN, LAX, ELP, 20200303, 0, 0, 115, 117
WN, PHX, ELP, 20200303, 0, 0, 70, 72
WN, PHX, ELP, 20200303, 0, 0, 70, 75
WN, PHX, ELP, 20200303, 0, 0, 70, 62
WN, SAN, ELP, 20200303, 0, 0, 100, 103
WN, SAT, ELP, 20200303, 0, 0, 95, 83
WN, SAT, ELP, 20200303, 0, 0, 100, 84
WN, AUS, ELP, 20200304, 0, 0, 100, 86
WN, DAL, ELP, 20200304, 0, 0, 115, 98
WN, DAL, ELP, 20200304, 0, 0, 110, 93
WN, DAL, ELP, 20200304, 0, 0, 110, 104
WN, DAL, ELP, 20200304, 0, 0, 105, 96
WN, DEN, ELP, 20200304, 0, 0, 110, 93
WN, HOU, ELP, 20200304, 0, 0, 125, 115
WN, HOU, ELP, 20200304, 0, 0, 125, 114
WN, LAS, ELP, 20200304, 0, 0, 100, 91
WN, LAS, ELP, 20200304, 0, 0, 105, 94
WN, LAX, ELP, 20200304, 0, 0, 110, 108
WN, LAX, ELP, 20200304, 0, 0, 115, 100
WN, PHX, ELP, 20200304, 0, 0, 70, 64
WN, PHX, ELP, 20200304, 0, 0, 70, 60
WN, PHX, ELP, 20200304, 0, 0, 70, 64
WN, SAN, ELP, 20200304, 0, 0, 100, 103
WN, SAT, ELP, 20200304, 0, 0, 95, 83
WN, SAT, ELP, 20200304, 0, 0, 100, 91
WN, AUS, ELP, 20200305, 0, 0, 100, 93
WN, HOU, ELP, 20200311, 0, 0, 120, 113
WN, HOU, ELP, 20200311, 0, 0, 120, 0
WN, HOU, ELP, 20200311, 0, 0, 120, 117
WN, LAS, ELP, 20200311, 0, 0, 95, 0
WN, LAS, ELP, 20200311, 0, 0, 100, 90
WN, LAX, ELP, 20200311, 0, 0, 110, 99
WN, LAX, ELP, 20200311, 0, 0, 110, 104
WN, PHX, ELP, 20200311, 0, 0, 70, 62
WN, PHX, ELP, 20200311, 0, 0, 75, 0
WN, SAN, ELP, 20200311, 0, 0, 100, 92
WN, SAT, ELP, 20200311, 0, 0, 95, 91
WN, SAT, ELP, 20200311, 0, 0, 95, 86
WN, AUS, ELP, 20200312, 0, 0, 100, 92
WN, AUS, ELP, 20200312, 0, 0, 105, 93
WN, DAL, ELP, 20200312, 0, 0, 110, 100
WN, DAL, ELP, 20200312, 0, 0, 110, 102
WN, DAL, ELP, 20200312, 0, 0, 100, 98
WN, DAL, ELP, 20200312, 0, 0, 105, 111
WN, DEN, ELP, 20200312, 0, 0, 105, 106
WN, HOU, ELP, 20200312, 0, 0, 120, 111
WN, HOU, ELP, 20200312, 0, 0, 120, 113
WN, HOU, ELP, 20200312, 0, 0, 120, 107
WN, LAS, ELP, 20200312, 0, 0, 95, 96
WN, LAS, ELP, 20200312, 0, 0, 100, 92
WN, LAX, ELP, 20200312, 0, 0, 110, 104
WN, LAX, ELP, 20200312, 0, 0, 110, 113
WN, PHX, ELP, 20200312, 0, 0, 70, 73
WN, PHX, ELP, 20200312, 0, 0, 75, 63
WN, SAN, ELP, 20200312, 0, 0, 100, 115
WN, SAT, ELP, 20200312, 0, 0, 95, 93
WN, SAT, ELP, 20200312, 0, 0, 95, 83
WN, AUS, ELP, 20200313, 0, 0, 100, 90
WN, AUS, ELP, 20200313, 0, 0, 105, 89
WN, DAL, ELP, 20200313, 0, 0, 110, 108
WN, DAL, ELP, 20200313, 0, 0, 110, 103
WN, DAL, ELP, 20200313, 0, 0, 100, 106
WN, DAL, ELP, 20200313, 0, 0, 105, 105
WN, HOU, ELP, 20200319, 0, 0, 120, 118
WN, HOU, ELP, 20200319, 0, 0, 120, 112
WN, HOU, ELP, 20200319, 0, 0, 120, 114
WN, LAS, ELP, 20200319, 0, 0, 95, 0
WN, LAS, ELP, 20200319, 0, 0, 100, 0
WN, LAX, ELP, 20200319, 0, 0, 110, 95
WN, LAX, ELP, 20200319, 0, 0, 110, 105
WN, PHX, ELP, 20200319, 0, 0, 70, 66
WN, PHX, ELP, 20200319, 0, 0, 75, 59
WN, SAN, ELP, 20200319, 0, 0, 100, 96
WN, SAT, ELP, 20200319, 0, 0, 95, 89
WN, SAT, ELP, 20200319, 0, 0, 95, 86
WN, AUS, ELP, 20200320, 0, 0, 100, 96
WN, AUS, ELP, 20200320, 0, 0, 105, 99
WN, DAL, ELP, 20200320, 0, 0, 110, 100
WN, DAL, ELP, 20200320, 0, 0, 110, 97
WN, DAL, ELP, 20200320, 0, 0, 100, 103
WN, DAL, ELP, 20200320, 0, 0, 105, 95
WN, DEN, ELP, 20200320, 0, 0, 105, 105
WN, HOU, ELP, 20200320, 0, 0, 120, 108
WN, HOU, ELP, 20200320, 0, 0, 120, 0
WN, HOU, ELP, 20200320, 0, 0, 120, 123
WN, LAS, ELP, 20200320, 0, 0, 95, 0
WN, LAS, ELP, 20200320, 0, 0, 100, 0
WN, LAX, ELP, 20200320, 0, 0, 110, 101
WN, LAX, ELP, 20200320, 0, 0, 110, 100
WN, PHX, ELP, 20200320, 0, 0, 70, 60
WN, PHX, ELP, 20200320, 0, 0, 75, 59
WN, SAN, ELP, 20200320, 0, 0, 100, 96
WN, SAT, ELP, 20200320, 0, 0, 95, 92
WN, SAT, ELP, 20200320, 0, 0, 95, 0
WN, AUS, ELP, 20200321, 0, 0, 95, 96
WN, AUS, ELP, 20200321, 0, 0, 100, 90
WN, DAL, ELP, 20200321, 0, 0, 100, 97
WN, DAL, ELP, 20200321, 0, 0, 105, 102
WN, DAL, ELP, 20200321, 0, 0, 105, 109
WN, DAL, ELP, 20200321, 0, 0, 105, 106
WN, DEN, ELP, 20200321, 0, 0, 105, 101
WN, PHX, ELP, 20200327, 0, 0, 70, 67
WN, PHX, ELP, 20200327, 0, 0, 75, 61
WN, SAN, ELP, 20200327, 0, 0, 100, 0
WN, SAT, ELP, 20200327, 0, 0, 95, 0
WN, SAT, ELP, 20200327, 0, 0, 95, 89
WN, AUS, ELP, 20200328, 0, 0, 95, 0
WN, AUS, ELP, 20200328, 0, 0, 100, 0
WN, DAL, ELP, 20200328, 0, 0, 100, 97
WN, DAL, ELP, 20200328, 0, 0, 105, 0
WN, DAL, ELP, 20200328, 0, 0, 105, 0
WN, DAL, ELP, 20200328, 0, 0, 105, 97
WN, DEN, ELP, 20200328, 0, 0, 105, 0
WN, HOU, ELP, 20200328, 0, 0, 125, 108
WN, LAS, ELP, 20200328, 0, 0, 90, 84
WN, LAS, ELP, 20200328, 0, 0, 100, 0
WN, LAX, ELP, 20200328, 0, 0, 105, 0
WN, PHX, ELP, 20200328, 0, 0, 60, 57
WN, PHX, ELP, 20200328, 0, 0, 75, 61
WN, SAT, ELP, 20200328, 0, 0, 95, 82
WN, AUS, ELP, 20200329, 0, 0, 95, 99
WN, AUS, ELP, 20200329, 0, 0, 100, 100
WN, AUS, ELP, 20200329, 0, 0, 105, 98
WN, DAL, ELP, 20200329, 0, 0, 105, 105
WN, DAL, ELP, 20200329, 0, 0, 110, 105
WN, DAL, ELP, 20200329, 0, 0, 105, 103
WN, DAL, ELP, 20200329, 0, 0, 110, 113
WN, HOU, ELP, 20200329, 0, 0, 115, 125
WN, HOU, ELP, 20200329, 0, 0, 125, 0
WN, HOU, ELP, 20200329, 0, 0, 125, 145
WN, LAS, ELP, 20200329, 0, 0, 95, 0
WN, LAS, ELP, 20200329, 0, 0, 100, 0
WN, LAS, ELP, 20200329, 0, 0, 90, 0
WN, LAX, ELP, 20200329, 0, 0, 115, 91
WN, PHX, ELP, 20200329, 0, 0, 65, 56
WN, DAL, ELP, 20200305, 0, 0, 115, 96
WN, DAL, ELP, 20200305, 0, 0, 110, 99
WN, DAL, ELP, 20200305, 0, 0, 110, 94
WN, DAL, ELP, 20200305, 0, 0, 105, 90
WN, DEN, ELP, 20200305, 0, 0, 110, 95
WN, HOU, ELP, 20200305, 0, 0, 125, 115
WN, HOU, ELP, 20200305, 0, 0, 125, 116
WN, LAS, ELP, 20200305, 0, 0, 100, 95
WN, LAS, ELP, 20200305, 0, 0, 105, 99
WN, LAX, ELP, 20200305, 0, 0, 110, 111
WN, LAX, ELP, 20200305, 0, 0, 115, 107
WN, PHX, ELP, 20200305, 0, 0, 70, 67
WN, PHX, ELP, 20200305, 0, 0, 70, 62
WN, PHX, ELP, 20200305, 0, 0, 70, 61
WN, SAN, ELP, 20200305, 0, 0, 100, 100
WN, SAT, ELP, 20200305, 0, 0, 95, 82
WN, SAT, ELP, 20200305, 0, 0, 100, 87
WN, AUS, ELP, 20200306, 0, 0, 100, 95
WN, DAL, ELP, 20200306, 0, 0, 115, 96
WN, DAL, ELP, 20200306, 0, 0, 110, 97
WN, DAL, ELP, 20200306, 0, 0, 110, 90
WN, DAL, ELP, 20200306, 0, 0, 105, 113
WN, DEN, ELP, 20200306, 0, 0, 110, 99
WN, HOU, ELP, 20200306, 0, 0, 125, 112
WN, HOU, ELP, 20200306, 0, 0, 125, 110
WN, HOU, ELP, 20200306, 0, 0, 125, 110
WN, LAS, ELP, 20200306, 0, 0, 100, 92
WN, LAS, ELP, 20200306, 0, 0, 105, 99
WN, LAX, ELP, 20200306, 0, 0, 110, 105
WN, LAX, ELP, 20200306, 0, 0, 115, 102
WN, PHX, ELP, 20200306, 0, 0, 70, 62
WN, PHX, ELP, 20200306, 0, 0, 70, 65
WN, PHX, ELP, 20200306, 0, 0, 70, 63
WN, SAN, ELP, 20200306, 0, 0, 100, 99
WN, SAT, ELP, 20200306, 0, 0, 95, 86
WN, SAT, ELP, 20200306, 0, 0, 100, 88
WN, AUS, ELP, 20200307, 0, 0, 95, 99
WN, AUS, ELP, 20200307, 0, 0, 100, 87
WN, DAL, ELP, 20200307, 0, 0, 100, 104
WN, DAL, ELP, 20200307, 0, 0, 105, 95
WN, DAL, ELP, 20200307, 0, 0, 105, 97
WN, DAL, ELP, 20200307, 0, 0, 105, 99
WN, DEN, ELP, 20200313, 0, 0, 105, 108
WN, HOU, ELP, 20200313, 0, 0, 120, 112
WN, HOU, ELP, 20200313, 0, 0, 120, 114
WN, HOU, ELP, 20200313, 0, 0, 120, 111
WN, LAS, ELP, 20200313, 0, 0, 95, 95
WN, LAS, ELP, 20200313, 0, 0, 100, 101
WN, LAX, ELP, 20200313, 0, 0, 110, 102
WN, LAX, ELP, 20200313, 0, 0, 110, 100
WN, PHX, ELP, 20200313, 0, 0, 70, 73
WN, PHX, ELP, 20200313, 0, 0, 75, 66
WN, SAN, ELP, 20200313, 0, 0, 100, 97
WN, SAT, ELP, 20200313, 0, 0, 95, 86
WN, SAT, ELP, 20200313, 0, 0, 95, 88
WN, AUS, ELP, 20200314, 0, 0, 95, 86
WN, AUS, ELP, 20200314, 0, 0, 100, 89
WN, DAL, ELP, 20200314, 0, 0, 100, 99
WN, DAL, ELP, 20200314, 0, 0, 105, 96
WN, DAL, ELP, 20200314, 0, 0, 105, 107
WN, DAL, ELP, 20200314, 0, 0, 105, 97
WN, DEN, ELP, 20200314, 0, 0, 105, 106
WN, HOU, ELP, 20200314, 0, 0, 125, 107
WN, LAS, ELP, 20200314, 0, 0, 90, 91
WN, LAS, ELP, 20200314, 0, 0, 100, 96
WN, LAX, ELP, 20200314, 0, 0, 105, 101
WN, PHX, ELP, 20200314, 0, 0, 60, 63
WN, PHX, ELP, 20200314, 0, 0, 75, 72
WN, SAT, ELP, 20200314, 0, 0, 95, 82
WN, AUS, ELP, 20200315, 0, 0, 95, 146
WN, AUS, ELP, 20200315, 0, 0, 100, 89
WN, AUS, ELP, 20200315, 0, 0, 105, 89
WN, DAL, ELP, 20200315, 0, 0, 105, 102
WN, DAL, ELP, 20200315, 0, 0, 110, 93
WN, DAL, ELP, 20200315, 0, 0, 105, 96
WN, DAL, ELP, 20200315, 0, 0, 110, 94
WN, HOU, ELP, 20200321, 0, 0, 125, 123
WN, LAS, ELP, 20200321, 0, 0, 90, 0
WN, LAS, ELP, 20200321, 0, 0, 100, 0
WN, LAX, ELP, 20200321, 0, 0, 105, 0
WN, PHX, ELP, 20200321, 0, 0, 60, 59
WN, PHX, ELP, 20200321, 0, 0, 75, 61
WN, SAT, ELP, 20200321, 0, 0, 95, 83
WN, AUS, ELP, 20200322, 0, 0, 95, 91
WN, AUS, ELP, 20200322, 0, 0, 100, 97
WN, AUS, ELP, 20200322, 0, 0, 105, 95
WN, DAL, ELP, 20200322, 0, 0, 105, 109
WN, DAL, ELP, 20200322, 0, 0, 110, 101
WN, DAL, ELP, 20200322, 0, 0, 105, 102
WN, DAL, ELP, 20200322, 0, 0, 110, 99
WN, HOU, ELP, 20200322, 0, 0, 115, 117
WN, HOU, ELP, 20200322, 0, 0, 125, 117
WN, HOU, ELP, 20200322, 0, 0, 125, 114
WN, LAS, ELP, 20200322, 0, 0, 95, 83
WN, LAS, ELP, 20200322, 0, 0, 100, 0
WN, LAS, ELP, 20200322, 0, 0, 90, 110
WN, LAX, ELP, 20200322, 0, 0, 115, 93
WN, PHX, ELP, 20200322, 0, 0, 65, 58
WN, SAN, ELP, 20200322, 0, 0, 95, 83
WN, SAT, ELP, 20200322, 0, 0, 95, 90
WN, SAT, ELP, 20200322, 0, 0, 95, 99
WN, SAT, ELP, 20200322, 0, 0, 100, 87
WN, AUS, ELP, 20200323, 0, 0, 100, 94
WN, AUS, ELP, 20200323, 0, 0, 105, 95
WN, DAL, ELP, 20200323, 0, 0, 110, 110
WN, DAL, ELP, 20200323, 0, 0, 110, 100
WN, DAL, ELP, 20200323, 0, 0, 100, 106
WN, DAL, ELP, 20200323, 0, 0, 105, 105
WN, DEN, ELP, 20200323, 0, 0, 105, 106
WN, HOU, ELP, 20200323, 0, 0, 120, 112
WN, HOU, ELP, 20200323, 0, 0, 120, 119
WN, HOU, ELP, 20200323, 0, 0, 120, 117
WN, LAS, ELP, 20200323, 0, 0, 95, 91
WN, LAS, ELP, 20200323, 0, 0, 100, 83
WN, HOU, ELP, 20200309, 0, 0, 120, 112
WN, HOU, ELP, 20200309, 0, 0, 120, 104
WN, HOU, ELP, 20200309, 0, 0, 120, 110
WN, LAS, ELP, 20200309, 0, 0, 95, 90
WN, LAS, ELP, 20200309, 0, 0, 100, 86
WN, LAX, ELP, 20200309, 0, 0, 110, 101
WN, LAX, ELP, 20200309, 0, 0, 110, 96
WN, PHX, ELP, 20200309, 0, 0, 70, 56
WN, PHX, ELP, 20200309, 0, 0, 75, 59
WN, SAN, ELP, 20200309, 0, 0, 100, 93
WN, SAT, ELP, 20200309, 0, 0, 95, 85
WN, SAT, ELP, 20200309, 0, 0, 95, 85
WN, AUS, ELP, 20200310, 0, 0, 100, 91
WN, AUS, ELP, 20200310, 0, 0, 105, 89
WN, DAL, ELP, 20200310, 0, 0, 110, 93
WN, DAL, ELP, 20200310, 0, 0, 110, 94
WN, DAL, ELP, 20200310, 0, 0, 100, 97
WN, DAL, ELP, 20200310, 0, 0, 105, 101
WN, DEN, ELP, 20200310, 0, 0, 105, 100
WN, HOU, ELP, 20200310, 0, 0, 120, 110
WN, HOU, ELP, 20200310, 0, 0, 120, 119
WN, HOU, ELP, 20200310, 0, 0, 120, 120
WN, LAS, ELP, 20200310, 0, 0, 95, 90
WN, LAS, ELP, 20200310, 0, 0, 100, 93
WN, LAX, ELP, 20200310, 0, 0, 110, 104
WN, LAX, ELP, 20200310, 0, 0, 110, 101
WN, PHX, ELP, 20200310, 0, 0, 70, 59
WN, PHX, ELP, 20200310, 0, 0, 75, 76
WN, SAN, ELP, 20200310, 0, 0, 100, 122
WN, SAT, ELP, 20200310, 0, 0, 95, 85
WN, SAT, ELP, 20200310, 0, 0, 95, 92
WN, AUS, ELP, 20200311, 0, 0, 100, 95
WN, AUS, ELP, 20200311, 0, 0, 100, 98
WN, DAL, ELP, 20200311, 0, 0, 110, 99
WN, DAL, ELP, 20200311, 0, 0, 110, 104
WN, DAL, ELP, 20200311, 0, 0, 100, 101
WN, DAL, ELP, 20200311, 0, 0, 105, 92
WN, DEN, ELP, 20200311, 0, 0, 105, 103
WN, HOU, ELP, 20200317, 0, 0, 120, 112
WN, HOU, ELP, 20200317, 0, 0, 120, 112
WN, HOU, ELP, 20200317, 0, 0, 120, 109
WN, LAS, ELP, 20200317, 0, 0, 95, 99
WN, LAS, ELP, 20200317, 0, 0, 100, 92
WN, LAX, ELP, 20200317, 0, 0, 110, 96
WN, LAX, ELP, 20200317, 0, 0, 110, 99
WN, PHX, ELP, 20200317, 0, 0, 70, 58
WN, PHX, ELP, 20200317, 0, 0, 75, 59
WN, SAN, ELP, 20200317, 0, 0, 100, 94
WN, SAT, ELP, 20200317, 0, 0, 95, 81
WN, SAT, ELP, 20200317, 0, 0, 95, 0
WN, AUS, ELP, 20200318, 0, 0, 100, 96
WN, AUS, ELP, 20200318, 0, 0, 105, 90
WN, DAL, ELP, 20200318, 0, 0, 110, 0
WN, DAL, ELP, 20200318, 0, 0, 110, 0
WN, DAL, ELP, 20200318, 0, 0, 100, 111
WN, DAL, ELP, 20200318, 0, 0, 105, 112
WN, DEN, ELP, 20200318, 0, 0, 105, 111
WN, HOU, ELP, 20200318, 0, 0, 120, 119
WN, HOU, ELP, 20200318, 0, 0, 120, 120
WN, HOU, ELP, 20200318, 0, 0, 120, 108
WN, LAS, ELP, 20200318, 0, 0, 95, 94
WN, LAS, ELP, 20200318, 0, 0, 100, 95
WN, LAX, ELP, 20200318, 0, 0, 110, 99
WN, LAX, ELP, 20200318, 0, 0, 110, 111
WN, PHX, ELP, 20200318, 0, 0, 70, 60
WN, PHX, ELP, 20200318, 0, 0, 75, 67
WN, SAN, ELP, 20200318, 0, 0, 100, 99
WN, SAT, ELP, 20200318, 0, 0, 95, 85
WN, SAT, ELP, 20200318, 0, 0, 95, 92
WN, AUS, ELP, 20200319, 0, 0, 100, 93
WN, AUS, ELP, 20200319, 0, 0, 105, 96
WN, DAL, ELP, 20200319, 0, 0, 110, 0
WN, DAL, ELP, 20200319, 0, 0, 110, 0
WN, DAL, ELP, 20200319, 0, 0, 100, 0
WN, DAL, ELP, 20200319, 0, 0, 105, 106
WN, DEN, ELP, 20200319, 0, 0, 105, 0
WN, LAX, ELP, 20200323, 0, 0, 110, 91
WN, LAX, ELP, 20200323, 0, 0, 110, 92
WN, PHX, ELP, 20200323, 0, 0, 70, 55
WN, PHX, ELP, 20200323, 0, 0, 75, 54
WN, SAN, ELP, 20200323, 0, 0, 100, 0
WN, SAT, ELP, 20200323, 0, 0, 95, 88
WN, SAT, ELP, 20200323, 0, 0, 95, 91
WN, AUS, ELP, 20200324, 0, 0, 100, 95
WN, AUS, ELP, 20200324, 0, 0, 105, 94
WN, DAL, ELP, 20200324, 0, 0, 110, 103
WN, DAL, ELP, 20200324, 0, 0, 110, 100
WN, DAL, ELP, 20200324, 0, 0, 100, 104
WN, DAL, ELP, 20200324, 0, 0, 105, 98
WN, DEN, ELP, 20200324, 0, 0, 105, 108
WN, HOU, ELP, 20200324, 0, 0, 120, 111
WN, HOU, ELP, 20200324, 0, 0, 120, 115
WN, HOU, ELP, 20200324, 0, 0, 120, 118
WN, LAS, ELP, 20200324, 0, 0, 95, 0
WN, LAS, ELP, 20200324, 0, 0, 100, 0
WN, LAX, ELP, 20200324, 0, 0, 110, 99
WN, LAX, ELP, 20200324, 0, 0, 110, 103
WN, PHX, ELP, 20200324, 0, 0, 70, 54
WN, PHX, ELP, 20200324, 0, 0, 75, 56
WN, SAN, ELP, 20200324, 0, 0, 100, 0
WN, SAT, ELP, 20200324, 0, 0, 95, 91
WN, SAT, ELP, 20200324, 0, 0, 95, 86
WN, AUS, ELP, 20200325, 0, 0, 100, 94
WN, AUS, ELP, 20200325, 0, 0, 105, 88
WN, DAL, ELP, 20200325, 0, 0, 110, 99
WN, DAL, ELP, 20200325, 0, 0, 110, 101
WN, DAL, ELP, 20200325, 0, 0, 100, 108
WN, DAL, ELP, 20200325, 0, 0, 105, 97
WN, DEN, ELP, 20200325, 0, 0, 105, 109
WN, HOU, ELP, 20200325, 0, 0, 120, 114
WN, HOU, ELP, 20200325, 0, 0, 120, 110
WN, HOU, ELP, 20200325, 0, 0, 120, 108
WN, LAS, ELP, 20200325, 0, 0, 95, 90
WN, LAS, ELP, 20200325, 0, 0, 100, 0
WN, LAX, ELP, 20200325, 0, 0, 110, 98
WN, LAX, ELP, 20200325, 0, 0, 110, 101
WN, SAN, ELP, 20200329, 0, 0, 95, 83
WN, SAT, ELP, 20200329, 0, 0, 95, 90
WN, SAT, ELP, 20200329, 0, 0, 95, 100
WN, SAT, ELP, 20200329, 0, 0, 100, 101
WN, AUS, ELP, 20200330, 0, 0, 100, 93
WN, AUS, ELP, 20200330, 0, 0, 105, 94
WN, DAL, ELP, 20200330, 0, 0, 110, 0
WN, DAL, ELP, 20200330, 0, 0, 110, 0
WN, DAL, ELP, 20200330, 0, 0, 100, 0
WN, DAL, ELP, 20200330, 0, 0, 105, 109
WN, DEN, ELP, 20200330, 0, 0, 105, 93
WN, HOU, ELP, 20200330, 0, 0, 120, 110
WN, HOU, ELP, 20200330, 0, 0, 120, 119
WN, HOU, ELP, 20200330, 0, 0, 120, 131
WN, LAS, ELP, 20200330, 0, 0, 95, 0
WN, LAS, ELP, 20200330, 0, 0, 100, 79
WN, LAX, ELP, 20200330, 0, 0, 110, 97
WN, LAX, ELP, 20200330, 0, 0, 110, 0
WN, PHX, ELP, 20200330, 0, 0, 70, 62
WN, PHX, ELP, 20200330, 0, 0, 75, 0
WN, SAN, ELP, 20200330, 0, 0, 100, 0
WN, SAT, ELP, 20200330, 0, 0, 95, 0
WN, SAT, ELP, 20200330, 0, 0, 95, 89
WN, AUS, ELP, 20200331, 0, 0, 100, 0
WN, AUS, ELP, 20200331, 0, 0, 105, 93
WN, DAL, ELP, 20200331, 0, 0, 110, 0
WN, DAL, ELP, 20200331, 0, 0, 110, 0
WN, DAL, ELP, 20200331, 0, 0, 100, 97
WN, DAL, ELP, 20200331, 0, 0, 105, 97
WN, DEN, ELP, 20200331, 0, 0, 105, 99
WN, HOU, ELP, 20200331, 0, 0, 120, 117
WN, HOU, ELP, 20200331, 0, 0, 120, 111
WN, HOU, ELP, 20200331, 0, 0, 120, 0
WN, LAS, ELP, 20200331, 0, 0, 95, 0
WN, LAS, ELP, 20200331, 0, 0, 100, 89
WN, LAX, ELP, 20200331, 0, 0, 110, 98
WN, LAX, ELP, 20200331, 0, 0, 110, 0
WN, PHX, ELP, 20200331, 0, 0, 70, 59
WN, PHX, ELP, 20200331, 0, 0, 75, 0
WN, SAN, ELP, 20200331, 0, 0, 100, 0
WN, SAT, ELP, 20200331, 0, 0, 95, 0
WN, SAT, ELP, 20200331, 0, 0, 95, 87
UA, IAH, ELP, 20200306, 0, 0, 124, 140
UA, IAH, ELP, 20200318, 0, 0, 124, 120
UA, IAH, ELP, 20200319, 0, 0, 124, 144
UA, IAH, ELP, 20200302, 0, 0, 140, 138
UA, IAH, ELP, 20200324, 0, 0, 126, 116
UA, IAH, ELP, 20200317, 0, 0, 126, 124
UA, IAH, ELP, 20200310, 0, 0, 126, 106
UA, IAH, ELP, 20200325, 0, 0, 126, 120
UA, IAH, ELP, 20200311, 0, 0, 126, 128
UA, IAH, ELP, 20200330, 0, 0, 124, 0
UA, IAH, ELP, 20200331, 0, 0, 124, 0
UA, IAH, ELP, 20200331, 0, 0, 126, 0
UA, IAH, ELP, 20200313, 0, 0, 124, 117
UA, IAH, ELP, 20200313, 0, 0, 126, 127
UA, IAH, ELP, 20200330, 0, 0, 126, 123
UA, IAH, ELP, 20200308, 0, 0, 124, 120
UA, IAH, ELP, 20200312, 0, 0, 124, 122
UA, IAH, ELP, 20200316, 0, 0, 124, 115
UA, IAH, ELP, 20200324, 0, 0, 124, 119
UA, IAH, ELP, 20200329, 0, 0, 126, 124
UA, IAH, ELP, 20200320, 0, 0, 126, 127
UA, IAH, ELP, 20200304, 0, 0, 128, 124
UA, IAH, ELP, 20200327, 0, 0, 126, 111
UA, IAH, ELP, 20200308, 0, 0, 124, 121
UA, IAH, ELP, 20200312, 0, 0, 124, 112
UA, IAH, ELP, 20200316, 0, 0, 124, 126
UA, IAH, ELP, 20200324, 0, 0, 124, 119
UA, IAH, ELP, 20200320, 0, 0, 124, 124
UA, IAH, ELP, 20200304, 0, 0, 129, 118
UA, IAH, ELP, 20200322, 0, 0, 124, 115
UA, IAH, ELP, 20200314, 0, 0, 124, 112
UA, IAH, ELP, 20200305, 0, 0, 124, 111
UA, IAH, ELP, 20200323, 0, 0, 126, 123
UA, IAH, ELP, 20200316, 0, 0, 126, 113
UA, IAH, ELP, 20200306, 0, 0, 124, 124
UA, IAH, ELP, 20200309, 0, 0, 124, 127
UA, IAH, ELP, 20200309, 0, 0, 126, 120
UA, IAH, ELP, 20200317, 0, 0, 124, 123
UA, IAH, ELP, 20200321, 0, 0, 124, 135
UA, IAH, ELP, 20200325, 0, 0, 124, 115
UA, IAH, ELP, 20200328, 0, 0, 124, 116
UA, IAH, ELP, 20200301, 0, 0, 128, 129
UA, IAH, ELP, 20200313, 0, 0, 124, 125
UA, IAH, ELP, 20200317, 0, 0, 124, 121
UA, IAH, ELP, 20200302, 0, 0, 128, 124
UA, IAH, ELP, 20200321, 0, 0, 124, 128
UA, IAH, ELP, 20200325, 0, 0, 124, 117
UA, IAH, ELP, 20200301, 0, 0, 129, 132
UA, IAH, ELP, 20200310, 0, 0, 124, 117
UA, IAH, ELP, 20200328, 0, 0, 124, 0
UA, IAH, ELP, 20200318, 0, 0, 126, 115
UA, IAH, ELP, 20200311, 0, 0, 126, 132
UA, IAH, ELP, 20200322, 0, 0, 124, 118
UA, IAH, ELP, 20200301, 0, 0, 124, 129
UA, IAH, ELP, 20200314, 0, 0, 124, 119
UA, IAH, ELP, 20200310, 0, 0, 124, 119
UA, IAH, ELP, 20200330, 0, 0, 126, 0
UA, IAH, ELP, 20200331, 0, 0, 126, 0
UA, IAH, ELP, 20200325, 0, 0, 126, 0
UA, IAH, ELP, 20200326, 0, 0, 124, 0
UA, IAH, ELP, 20200326, 0, 0, 124, 0
UA, IAH, ELP, 20200318, 0, 0, 126, 128
UA, IAH, ELP, 20200329, 0, 0, 124, 0
UA, IAH, ELP, 20200315, 0, 0, 124, 126
UA, IAH, ELP, 20200307, 0, 0, 124, 116
UA, IAH, ELP, 20200319, 0, 0, 126, 124
UA, IAH, ELP, 20200312, 0, 0, 126, 123
UA, IAH, ELP, 20200305, 0, 0, 126, 127
UA, IAH, ELP, 20200303, 0, 0, 128, 121
UA, IAH, ELP, 20200311, 0, 0, 124, 120
UA, IAH, ELP, 20200327, 0, 0, 124, 120
UA, IAH, ELP, 20200307, 0, 0, 124, 121
UA, IAH, ELP, 20200319, 0, 0, 124, 118
UA, IAH, ELP, 20200323, 0, 0, 124, 122
UA, IAH, ELP, 20200303, 0, 0, 129, 124
UA, IAH, ELP, 20200311, 0, 0, 124, 128
UA, IAH, ELP, 20200326, 0, 0, 126, 0
UA, IAH, ELP, 20200327, 0, 0, 124, 0
UA, IAH, ELP, 20200305, 0, 0, 124, 109
UA, IAH, ELP, 20200315, 0, 0, 124, 112
UA, IAH, ELP, 20200302, 0, 0, 129, 122
UA, IAH, ELP, 20200306, 0, 0, 126, 138
UA, IAH, ELP, 20200323, 0, 0, 124, 119
UA, IAH, ELP, 20200320, 0, 0, 124, 124
UA, IAH, ELP, 20200318, 0, 0, 124, 118
UA, IAH, ELP, 20200309, 0, 0, 124, 129
AA, PHX, ELP, 20200301, 0, 0, 72, 63
AA, PHX, ELP, 20200302, 0, 0, 72, 77
AA, PHX, ELP, 20200303, 0, 0, 72, 82
AA, PHX, ELP, 20200304, 0, 0, 72, 73
AA, PHX, ELP, 20200305, 0, 0, 74, 80
AA, PHX, ELP, 20200306, 0, 0, 74, 72
AA, PHX, ELP, 20200307, 0, 0, 74, 68
AA, PHX, ELP, 20200308, 0, 0, 74, 72
AA, PHX, ELP, 20200309, 0, 0, 74, 62
AA, PHX, ELP, 20200310, 0, 0, 74, 72
AA, PHX, ELP, 20200311, 0, 0, 74, 73
AA, PHX, ELP, 20200312, 0, 0, 74, 73
AA, PHX, ELP, 20200313, 0, 0, 74, 83
AA, PHX, ELP, 20200314, 0, 0, 74, 72
AA, PHX, ELP, 20200315, 0, 0, 74, 74
AA, PHX, ELP, 20200316, 0, 0, 74, 67
AA, PHX, ELP, 20200317, 0, 0, 74, 71
AA, PHX, ELP, 20200318, 0, 0, 74, 85
AA, PHX, ELP, 20200319, 0, 0, 74, 64
AA, PHX, ELP, 20200320, 0, 0, 74, 67
AA, PHX, ELP, 20200321, 0, 0, 74, 67
AA, PHX, ELP, 20200322, 0, 0, 74, 64
AA, PHX, ELP, 20200323, 0, 0, 74, 64
AA, PHX, ELP, 20200324, 0, 0, 74, 63
AA, PHX, ELP, 20200325, 0, 0, 74, 63
AA, PHX, ELP, 20200326, 0, 0, 74, 0
AA, PHX, ELP, 20200327, 0, 0, 74, 63
AA, PHX, ELP, 20200328, 0, 0, 74, 67
AA, PHX, ELP, 20200329, 0, 0, 74, 62
AA, PHX, ELP, 20200330, 0, 0, 74, 62
AA, PHX, ELP, 20200331, 0, 0, 74, 0
AA, PHX, ELP, 20200305, 0, 0, 73, 75
AA, PHX, ELP, 20200306, 0, 0, 73, 71
AA, PHX, ELP, 20200307, 0, 0, 73, 62
AA, PHX, ELP, 20200308, 0, 0, 73, 67
AA, PHX, ELP, 20200309, 0, 0, 73, 62
AA, PHX, ELP, 20200310, 0, 0, 73, 72
AA, PHX, ELP, 20200311, 0, 0, 73, 71
AA, PHX, ELP, 20200312, 0, 0, 73, 79
AA, PHX, ELP, 20200313, 0, 0, 73, 119
AA, PHX, ELP, 20200314, 0, 0, 73, 69
AA, PHX, ELP, 20200315, 0, 0, 73, 75
AA, PHX, ELP, 20200316, 0, 0, 73, 72
AA, PHX, ELP, 20200317, 0, 0, 73, 70
AA, PHX, ELP, 20200318, 0, 0, 73, 100
AA, PHX, ELP, 20200319, 0, 0, 73, 72
AA, PHX, ELP, 20200320, 0, 0, 73, 65
AA, PHX, ELP, 20200321, 0, 0, 73, 65
AA, PHX, ELP, 20200322, 0, 0, 73, 66
AA, PHX, ELP, 20200323, 0, 0, 73, 66
AA, PHX, ELP, 20200324, 0, 0, 73, 69
AA, PHX, ELP, 20200325, 0, 0, 73, 61
AA, PHX, ELP, 20200326, 0, 0, 73, 71
AA, PHX, ELP, 20200327, 0, 0, 73, 0
AA, PHX, ELP, 20200328, 0, 0, 73, 66
AA, PHX, ELP, 20200329, 0, 0, 73, 59
AA, PHX, ELP, 20200330, 0, 0, 73, 64
AA, PHX, ELP, 20200331, 0, 0, 73, 67
AA, PHX, ELP, 20200301, 0, 0, 73, 69
AA, PHX, ELP, 20200302, 0, 0, 73, 73
AA, PHX, ELP, 20200303, 0, 0, 75, 81
AA, PHX, ELP, 20200304, 0, 0, 73, 69
AA, PHX, ELP, 20200305, 0, 0, 76, 67
AA, PHX, ELP, 20200306, 0, 0, 76, 72
AA, PHX, ELP, 20200307, 0, 0, 76, 74
AA, PHX, ELP, 20200308, 0, 0, 76, 78
AA, PHX, ELP, 20200309, 0, 0, 76, 79
AA, PHX, ELP, 20200310, 0, 0, 76, 73
AA, PHX, ELP, 20200311, 0, 0, 76, 79
AA, PHX, ELP, 20200312, 0, 0, 76, 80
AA, PHX, ELP, 20200313, 0, 0, 76, 77
AA, PHX, ELP, 20200314, 0, 0, 76, 77
AA, PHX, ELP, 20200315, 0, 0, 76, 75
AA, PHX, ELP, 20200316, 0, 0, 76, 72
AA, PHX, ELP, 20200317, 0, 0, 76, 67
AA, PHX, ELP, 20200318, 0, 0, 76, 72
AA, PHX, ELP, 20200319, 0, 0, 76, 78
AA, PHX, ELP, 20200320, 0, 0, 76, 69
AA, PHX, ELP, 20200321, 0, 0, 76, 64
AA, PHX, ELP, 20200322, 0, 0, 76, 74
AA, PHX, ELP, 20200323, 0, 0, 76, 57
AA, PHX, ELP, 20200324, 0, 0, 76, 66
AA, PHX, ELP, 20200325, 0, 0, 76, 66
AA, PHX, ELP, 20200326, 0, 0, 76, 69
AA, PHX, ELP, 20200327, 0, 0, 76, 74
AA, PHX, ELP, 20200328, 0, 0, 76, 70
AA, PHX, ELP, 20200329, 0, 0, 76, 63
AA, PHX, ELP, 20200330, 0, 0, 76, 69
AA, PHX, ELP, 20200331, 0, 0, 76, 0
AA, PHX, ELP, 20200301, 0, 0, 69, 60
AA, PHX, ELP, 20200302, 0, 0, 69, 64
AA, PHX, ELP, 20200303, 0, 0, 69, 81
AA, PHX, ELP, 20200304, 0, 0, 69, 77
AA, PHX, ELP, 20200301, 0, 0, 67, 70
AA, PHX, ELP, 20200302, 0, 0, 67, 60
AA, PHX, ELP, 20200303, 0, 0, 67, 74
AA, PHX, ELP, 20200304, 0, 0, 67, 74
AA, PHX, ELP, 20200305, 0, 0, 72, 64
AA, PHX, ELP, 20200306, 0, 0, 72, 66
AA, PHX, ELP, 20200307, 0, 0, 72, 68
AA, PHX, ELP, 20200308, 0, 0, 72, 70
AA, PHX, ELP, 20200309, 0, 0, 72, 66
AA, PHX, ELP, 20200310, 0, 0, 72, 64
AA, PHX, ELP, 20200311, 0, 0, 72, 67
AA, PHX, ELP, 20200312, 0, 0, 72, 69
AA, PHX, ELP, 20200313, 0, 0, 72, 74
AA, PHX, ELP, 20200314, 0, 0, 72, 72
AA, PHX, ELP, 20200315, 0, 0, 72, 74
AA, PHX, ELP, 20200316, 0, 0, 72, 70
AA, PHX, ELP, 20200317, 0, 0, 72, 67
AA, PHX, ELP, 20200318, 0, 0, 72, 72
AA, PHX, ELP, 20200319, 0, 0, 72, 77
AA, PHX, ELP, 20200320, 0, 0, 72, 67
AA, PHX, ELP, 20200321, 0, 0, 72, 61
AA, PHX, ELP, 20200322, 0, 0, 72, 63
AA, PHX, ELP, 20200323, 0, 0, 72, 78
AA, PHX, ELP, 20200324, 0, 0, 72, 60
AA, PHX, ELP, 20200325, 0, 0, 72, 63
AA, PHX, ELP, 20200326, 0, 0, 72, 81
AA, PHX, ELP, 20200327, 0, 0, 72, 67
AA, PHX, ELP, 20200328, 0, 0, 72, 67
AA, PHX, ELP, 20200329, 0, 0, 72, 65
AA, PHX, ELP, 20200330, 0, 0, 72, 70
AA, PHX, ELP, 20200331, 0, 0, 72, 0
AA, DFW, ELP, 20200301, 0, 0, 114, 134
AA, DFW, ELP, 20200302, 0, 0, 114, 115
AA, DFW, ELP, 20200303, 0, 0, 114, 100
AA, DFW, ELP, 20200304, 0, 0, 114, 101
AA, DFW, ELP, 20200305, 0, 0, 107, 97
AA, DFW, ELP, 20200306, 0, 0, 107, 96
AA, DFW, ELP, 20200307, 0, 0, 107, 94
AA, DFW, ELP, 20200308, 0, 0, 107, 97
AA, DFW, ELP, 20200309, 0, 0, 107, 100
AA, DFW, ELP, 20200310, 0, 0, 107, 97
AA, DFW, ELP, 20200311, 0, 0, 107, 108
AA, DFW, ELP, 20200312, 0, 0, 107, 104
AA, DFW, ELP, 20200313, 0, 0, 107, 119
AA, DFW, ELP, 20200314, 0, 0, 107, 104
AA, DFW, ELP, 20200315, 0, 0, 107, 112
AA, DFW, ELP, 20200316, 0, 0, 107, 93
AA, DFW, ELP, 20200317, 0, 0, 107, 109
AA, DFW, ELP, 20200318, 0, 0, 107, 124
AA, DFW, ELP, 20200319, 0, 0, 107, 106
AA, DFW, ELP, 20200320, 0, 0, 107, 111
AA, DFW, ELP, 20200321, 0, 0, 107, 102
AA, DFW, ELP, 20200322, 0, 0, 107, 97
AA, DFW, ELP, 20200323, 0, 0, 107, 99
AA, DFW, ELP, 20200324, 0, 0, 107, 113
AA, DFW, ELP, 20200325, 0, 0, 107, 96
AA, DFW, ELP, 20200326, 0, 0, 107, 102
AA, DFW, ELP, 20200327, 0, 0, 107, 105
AA, DFW, ELP, 20200328, 0, 0, 107, 96
AA, DFW, ELP, 20200329, 0, 0, 107, 104
AA, DFW, ELP, 20200330, 0, 0, 107, 123
AA, DFW, ELP, 20200331, 0, 0, 107, 114
AA, DFW, ELP, 20200301, 0, 0, 110, 114
AA, DFW, ELP, 20200302, 0, 0, 110, 105
AA, DFW, ELP, 20200303, 0, 0, 110, 100
AA, DFW, ELP, 20200304, 0, 0, 110, 89
AA, DFW, ELP, 20200305, 0, 0, 104, 97
AA, DFW, ELP, 20200306, 0, 0, 104, 96
AA, DFW, ELP, 20200307, 0, 0, 104, 92
AA, DFW, ELP, 20200308, 0, 0, 104, 100
AA, DFW, ELP, 20200309, 0, 0, 104, 93
AA, DFW, ELP, 20200310, 0, 0, 104, 91
AA, DFW, ELP, 20200311, 0, 0, 104, 98
AA, DFW, ELP, 20200312, 0, 0, 104, 95
AA, DFW, ELP, 20200313, 0, 0, 104, 103
AA, DFW, ELP, 20200314, 0, 0, 104, 100
AA, DFW, ELP, 20200315, 0, 0, 104, 103
AA, DFW, ELP, 20200316, 0, 0, 104, 95
AA, DFW, ELP, 20200317, 0, 0, 104, 105
AA, DFW, ELP, 20200318, 0, 0, 104, 110
AA, DFW, ELP, 20200319, 0, 0, 104, 104
AA, DFW, ELP, 20200320, 0, 0, 104, 101
AA, DFW, ELP, 20200321, 0, 0, 104, 96
AA, DFW, ELP, 20200322, 0, 0, 104, 101
AA, DFW, ELP, 20200323, 0, 0, 104, 103
AA, DFW, ELP, 20200324, 0, 0, 104, 0
AA, DFW, ELP, 20200325, 0, 0, 104, 100
AA, DFW, ELP, 20200326, 0, 0, 104, 102
AA, DFW, ELP, 20200327, 0, 0, 104, 103
AA, DFW, ELP, 20200328, 0, 0, 104, 108
AA, DFW, ELP, 20200329, 0, 0, 104, 114
AA, DFW, ELP, 20200330, 0, 0, 104, 124
AA, DFW, ELP, 20200331, 0, 0, 104, 98
AA, DFW, ELP, 20200301, 0, 0, 107, 104
AA, DFW, ELP, 20200302, 0, 0, 107, 108
AA, DFW, ELP, 20200304, 0, 0, 107, 102
AA, DFW, ELP, 20200305, 0, 0, 107, 95
AA, DFW, ELP, 20200306, 0, 0, 107, 98
AA, DFW, ELP, 20200308, 0, 0, 107, 107
AA, DFW, ELP, 20200309, 0, 0, 107, 107
AA, DFW, ELP, 20200311, 0, 0, 107, 98
AA, DFW, ELP, 20200312, 0, 0, 107, 101
AA, DFW, ELP, 20200313, 0, 0, 107, 110
AA, DFW, ELP, 20200315, 0, 0, 107, 100
AA, DFW, ELP, 20200316, 0, 0, 107, 97
AA, DFW, ELP, 20200318, 0, 0, 107, 98
AA, DFW, ELP, 20200319, 0, 0, 107, 109
AA, DFW, ELP, 20200320, 0, 0, 107, 107
AA, DFW, ELP, 20200322, 0, 0, 107, 101
AA, DFW, ELP, 20200323, 0, 0, 107, 0
AA, DFW, ELP, 20200325, 0, 0, 107, 0
AA, DFW, ELP, 20200326, 0, 0, 107, 0
AA, DFW, ELP, 20200327, 0, 0, 107, 0
AA, DFW, ELP, 20200329, 0, 0, 107, 111
AA, DFW, ELP, 20200330, 0, 0, 107, 110
AA, DFW, ELP, 20200301, 0, 0, 111, 113
AA, DFW, ELP, 20200302, 0, 0, 111, 118
AA, DFW, ELP, 20200303, 0, 0, 111, 115
AA, DFW, ELP, 20200304, 0, 0, 111, 110
AA, DFW, ELP, 20200305, 0, 0, 105, 106
AA, DFW, ELP, 20200306, 0, 0, 105, 102
AA, DFW, ELP, 20200307, 0, 0, 105, 101
AA, DFW, ELP, 20200308, 0, 0, 105, 96
AA, DFW, ELP, 20200309, 0, 0, 105, 103
AA, DFW, ELP, 20200310, 0, 0, 105, 101
AA, DFW, ELP, 20200311, 0, 0, 105, 100
AA, DFW, ELP, 20200312, 0, 0, 105, 100
AA, DFW, ELP, 20200313, 0, 0, 105, 106
AA, DFW, ELP, 20200314, 0, 0, 105, 104
AA, DFW, ELP, 20200315, 0, 0, 105, 125
AA, DFW, ELP, 20200316, 0, 0, 105, 104
AA, DFW, ELP, 20200317, 0, 0, 105, 96
AA, DFW, ELP, 20200318, 0, 0, 105, 106
AA, DFW, ELP, 20200319, 0, 0, 105, 106
AA, DFW, ELP, 20200320, 0, 0, 105, 114
AA, DFW, ELP, 20200321, 0, 0, 105, 0
AA, DFW, ELP, 20200322, 0, 0, 105, 0
AA, DFW, ELP, 20200323, 0, 0, 105, 0
AA, DFW, ELP, 20200324, 0, 0, 105, 102
AA, DFW, ELP, 20200325, 0, 0, 105, 0
AA, DFW, ELP, 20200326, 0, 0, 105, 97
AA, DFW, ELP, 20200327, 0, 0, 105, 103
AA, DFW, ELP, 20200328, 0, 0, 105, 0
AA, DFW, ELP, 20200329, 0, 0, 105, 0
AA, DFW, ELP, 20200330, 0, 0, 105, 0
AA, DFW, ELP, 20200331, 0, 0, 105, 103
UA, IAH, ELP, 20200317, 0, 0, 126, 117
UA, IAH, ELP, 20200310, 0, 0, 126, 123
UA, ORD, ELP, 20200328, 0, 0, 208, 224
UA, IAH, ELP, 20200324, 0, 0, 126, 0
