AA, DFW, ELP, 20200709, 0, 0, 98, 97
AA, DFW, ELP, 20200710, 0, 0, 98, 109
AA, DFW, ELP, 20200711, 0, 0, 98, 92
AA, DFW, ELP, 20200712, 0, 0, 98, 97
AA, DFW, ELP, 20200713, 0, 0, 98, 90
AA, DFW, ELP, 20200716, 0, 0, 98, 100
AA, DFW, ELP, 20200717, 0, 0, 98, 92
AA, DFW, ELP, 20200718, 0, 0, 98, 88
AA, DFW, ELP, 20200719, 0, 0, 98, 87
AA, DFW, ELP, 20200720, 0, 0, 98, 84
AA, DFW, ELP, 20200723, 0, 0, 98, 102
AA, DFW, ELP, 20200724, 0, 0, 98, 85
AA, DFW, ELP, 20200725, 0, 0, 98, 87
AA, DFW, ELP, 20200726, 0, 0, 98, 95
AA, DFW, ELP, 20200727, 0, 0, 98, 94
AA, DFW, ELP, 20200730, 0, 0, 98, 105
AA, DFW, ELP, 20200731, 0, 0, 98, 109
AA, DFW, ELP, 20200707, 0, 0, 107, 91
AA, DFW, ELP, 20200708, 0, 0, 107, 82
AA, DFW, ELP, 20200711, 0, 0, 107, 101
AA, DFW, ELP, 20200713, 0, 0, 107, 97
AA, DFW, ELP, 20200714, 0, 0, 107, 95
AA, DFW, ELP, 20200715, 0, 0, 107, 93
AA, DFW, ELP, 20200718, 0, 0, 107, 92
AA, DFW, ELP, 20200720, 0, 0, 107, 99
AA, DFW, ELP, 20200721, 0, 0, 107, 100
AA, DFW, ELP, 20200722, 0, 0, 107, 102
AA, DFW, ELP, 20200725, 0, 0, 107, 95
AA, DFW, ELP, 20200727, 0, 0, 107, 96
AA, DFW, ELP, 20200728, 0, 0, 107, 103
AA, DFW, ELP, 20200729, 0, 0, 107, 115
AA, DFW, ELP, 20200707, 0, 0, 104, 92
AA, DFW, ELP, 20200708, 0, 0, 104, 108
AA, DFW, ELP, 20200709, 0, 0, 104, 100
AA, DFW, ELP, 20200710, 0, 0, 104, 95
AA, DFW, ELP, 20200712, 0, 0, 104, 90
AA, DFW, ELP, 20200713, 0, 0, 104, 94
AA, DFW, ELP, 20200714, 0, 0, 104, 95
AA, DFW, ELP, 20200715, 0, 0, 104, 95
AA, DFW, ELP, 20200716, 0, 0, 104, 93
AA, DFW, ELP, 20200717, 0, 0, 104, 91
AA, DFW, ELP, 20200719, 0, 0, 104, 95
AA, DFW, ELP, 20200720, 0, 0, 104, 100
AA, DFW, ELP, 20200721, 0, 0, 104, 96
AA, DFW, ELP, 20200722, 0, 0, 104, 108
AA, DFW, ELP, 20200723, 0, 0, 104, 96
AA, DFW, ELP, 20200724, 0, 0, 104, 97
AA, DFW, ELP, 20200726, 0, 0, 104, 97
AA, DFW, ELP, 20200727, 0, 0, 104, 91
AA, DFW, ELP, 20200728, 0, 0, 104, 112
AA, DFW, ELP, 20200729, 0, 0, 104, 97
AA, DFW, ELP, 20200730, 0, 0, 104, 100
AA, DFW, ELP, 20200731, 0, 0, 104, 120
DL, ATL, ELP, 20200701, 0, 0, 173, 187
DL, ATL, ELP, 20200702, 0, 0, 174, 178
DL, ATL, ELP, 20200703, 0, 0, 174, 172
DL, ATL, ELP, 20200704, 0, 0, 174, 172
DL, ATL, ELP, 20200705, 0, 0, 174, 170
DL, ATL, ELP, 20200706, 0, 0, 174, 173
DL, ATL, ELP, 20200707, 0, 0, 174, 175
DL, ATL, ELP, 20200727, 0, 0, 174, 171
DL, ATL, ELP, 20200728, 0, 0, 174, 174
DL, ATL, ELP, 20200729, 0, 0, 174, 186
DL, ATL, ELP, 20200730, 0, 0, 174, 174
DL, ATL, ELP, 20200731, 0, 0, 174, 181
DL, ATL, ELP, 20200708, 0, 0, 174, 183
DL, ATL, ELP, 20200709, 0, 0, 174, 177
DL, ATL, ELP, 20200710, 0, 0, 174, 171
DL, ATL, ELP, 20200711, 0, 0, 174, 172
DL, ATL, ELP, 20200712, 0, 0, 174, 182
DL, ATL, ELP, 20200713, 0, 0, 174, 173
DL, ATL, ELP, 20200714, 0, 0, 174, 170
DL, ATL, ELP, 20200715, 0, 0, 174, 169
DL, ATL, ELP, 20200716, 0, 0, 174, 169
DL, ATL, ELP, 20200717, 0, 0, 174, 168
DL, ATL, ELP, 20200718, 0, 0, 174, 165
DL, ATL, ELP, 20200719, 0, 0, 174, 169
DL, ATL, ELP, 20200720, 0, 0, 174, 174
DL, ATL, ELP, 20200721, 0, 0, 174, 169
DL, ATL, ELP, 20200722, 0, 0, 174, 177
DL, ATL, ELP, 20200723, 0, 0, 174, 173
DL, ATL, ELP, 20200724, 0, 0, 174, 168
DL, ATL, ELP, 20200725, 0, 0, 174, 170
DL, ATL, ELP, 20200726, 0, 0, 174, 165
F9, DEN, ELP, 20200704, 0, 0, 103, 181
F9, DEN, ELP, 20200711, 0, 0, 103, 100
F9, DEN, ELP, 20200718, 0, 0, 103, 102
F9, DEN, ELP, 20200725, 0, 0, 103, 113
G4, SFB, ELP, 20200723, 0, 0, 226, 194
G4, LAS, ELP, 20200723, 0, 0, 103, 99
G4, LAS, ELP, 20200712, 0, 0, 103, 97
G4, LAS, ELP, 20200705, 0, 0, 103, 97
G4, LAS, ELP, 20200716, 0, 0, 103, 98
G4, LAS, ELP, 20200702, 0, 0, 103, 96
G4, LAS, ELP, 20200730, 0, 0, 103, 94
G4, SFB, ELP, 20200705, 0, 0, 226, 206
G4, SFB, ELP, 20200716, 0, 0, 226, 196
G4, LAS, ELP, 20200719, 0, 0, 103, 97
G4, SFB, ELP, 20200702, 0, 0, 226, 201
G4, SFB, ELP, 20200726, 0, 0, 226, 205
G4, SFB, ELP, 20200712, 0, 0, 226, 201
G4, SFB, ELP, 20200730, 0, 0, 225, 201
G4, SFB, ELP, 20200719, 0, 0, 226, 193
G4, LAS, ELP, 20200709, 0, 0, 103, 98
G4, SFB, ELP, 20200709, 0, 0, 226, 211
G4, LAS, ELP, 20200726, 0, 0, 103, 101
AA, DFW, ELP, 20200701, 0, 0, 98, 104
AA, DFW, ELP, 20200702, 0, 0, 98, 102
AA, DFW, ELP, 20200703, 0, 0, 98, 100
AA, DFW, ELP, 20200704, 0, 0, 98, 101
AA, DFW, ELP, 20200705, 0, 0, 98, 102
AA, DFW, ELP, 20200706, 0, 0, 98, 87
AA, DFW, ELP, 20200711, 0, 0, 100, 102
AA, DFW, ELP, 20200718, 0, 0, 100, 95
AA, DFW, ELP, 20200725, 0, 0, 100, 100
AA, DFW, ELP, 20200707, 0, 0, 96, 98
AA, DFW, ELP, 20200708, 0, 0, 96, 92
AA, DFW, ELP, 20200709, 0, 0, 96, 103
AA, DFW, ELP, 20200710, 0, 0, 96, 100
AA, DFW, ELP, 20200711, 0, 0, 96, 93
AA, DFW, ELP, 20200712, 0, 0, 96, 101
AA, DFW, ELP, 20200713, 0, 0, 96, 100
AA, DFW, ELP, 20200714, 0, 0, 96, 94
AA, DFW, ELP, 20200715, 0, 0, 96, 95
AA, DFW, ELP, 20200716, 0, 0, 96, 98
AA, DFW, ELP, 20200717, 0, 0, 96, 111
AA, DFW, ELP, 20200718, 0, 0, 96, 98
AA, DFW, ELP, 20200719, 0, 0, 96, 97
AA, DFW, ELP, 20200720, 0, 0, 96, 112
AA, DFW, ELP, 20200721, 0, 0, 96, 117
AA, DFW, ELP, 20200722, 0, 0, 96, 100
AA, DFW, ELP, 20200723, 0, 0, 96, 87
AA, DFW, ELP, 20200724, 0, 0, 96, 94
AA, DFW, ELP, 20200725, 0, 0, 96, 96
AA, DFW, ELP, 20200726, 0, 0, 96, 103
AA, DFW, ELP, 20200727, 0, 0, 96, 90
AA, DFW, ELP, 20200728, 0, 0, 96, 97
AA, DFW, ELP, 20200729, 0, 0, 96, 101
AA, DFW, ELP, 20200730, 0, 0, 96, 100
AA, DFW, ELP, 20200731, 0, 0, 96, 118
AA, ORD, ELP, 20200709, 0, 0, 191, 223
AA, ORD, ELP, 20200710, 0, 0, 191, 205
AA, ORD, ELP, 20200712, 0, 0, 191, 179
AA, ORD, ELP, 20200713, 0, 0, 191, 184
AA, ORD, ELP, 20200716, 0, 0, 191, 180
AA, ORD, ELP, 20200717, 0, 0, 191, 186
AA, ORD, ELP, 20200719, 0, 0, 191, 198
AA, ORD, ELP, 20200720, 0, 0, 191, 198
AA, ORD, ELP, 20200723, 0, 0, 191, 194
AA, ORD, ELP, 20200724, 0, 0, 191, 178
AA, ORD, ELP, 20200726, 0, 0, 191, 215
AA, ORD, ELP, 20200727, 0, 0, 191, 191
AA, ORD, ELP, 20200730, 0, 0, 191, 174
AA, ORD, ELP, 20200731, 0, 0, 191, 180
AA, ORD, ELP, 20200702, 0, 0, 189, 199
AA, ORD, ELP, 20200703, 0, 0, 189, 185
AA, ORD, ELP, 20200705, 0, 0, 189, 178
AA, ORD, ELP, 20200706, 0, 0, 189, 176
AA, ORD, ELP, 20200707, 0, 0, 195, 172
AA, ORD, ELP, 20200708, 0, 0, 195, 188
AA, ORD, ELP, 20200709, 0, 0, 195, 183
AA, ORD, ELP, 20200710, 0, 0, 195, 169
AA, ORD, ELP, 20200711, 0, 0, 194, 195
AA, ORD, ELP, 20200712, 0, 0, 195, 188
AA, ORD, ELP, 20200713, 0, 0, 195, 200
AA, ORD, ELP, 20200714, 0, 0, 195, 178
AA, ORD, ELP, 20200715, 0, 0, 195, 185
AA, ORD, ELP, 20200716, 0, 0, 195, 192
AA, ORD, ELP, 20200717, 0, 0, 195, 177
AA, ORD, ELP, 20200718, 0, 0, 194, 196
AA, ORD, ELP, 20200719, 0, 0, 195, 198
AA, ORD, ELP, 20200720, 0, 0, 195, 205
AA, ORD, ELP, 20200721, 0, 0, 195, 194
AA, ORD, ELP, 20200722, 0, 0, 195, 172
AA, ORD, ELP, 20200723, 0, 0, 195, 196
AA, ORD, ELP, 20200724, 0, 0, 195, 182
AA, ORD, ELP, 20200725, 0, 0, 194, 164
AA, ORD, ELP, 20200726, 0, 0, 195, 186
AA, ORD, ELP, 20200727, 0, 0, 195, 182
AA, ORD, ELP, 20200728, 0, 0, 195, 176
AA, ORD, ELP, 20200729, 0, 0, 195, 201
AA, ORD, ELP, 20200730, 0, 0, 195, 177
AA, ORD, ELP, 20200731, 0, 0, 195, 188
AA, DFW, ELP, 20200701, 0, 0, 102, 104
AA, DFW, ELP, 20200701, 0, 0, 101, 112
AA, PHX, ELP, 20200701, 0, 0, 76, 68
AA, DFW, ELP, 20200702, 0, 0, 102, 105
AA, DFW, ELP, 20200702, 0, 0, 101, 100
AA, PHX, ELP, 20200702, 0, 0, 76, 80
AA, DFW, ELP, 20200703, 0, 0, 102, 95
AA, DFW, ELP, 20200703, 0, 0, 101, 100
AA, PHX, ELP, 20200703, 0, 0, 76, 75
AA, DFW, ELP, 20200704, 0, 0, 102, 94
AA, DFW, ELP, 20200704, 0, 0, 101, 102
AA, PHX, ELP, 20200704, 0, 0, 76, 70
AA, DFW, ELP, 20200705, 0, 0, 102, 100
AA, DFW, ELP, 20200705, 0, 0, 101, 104
AA, PHX, ELP, 20200705, 0, 0, 76, 75
AA, DFW, ELP, 20200706, 0, 0, 102, 99
AA, DFW, ELP, 20200706, 0, 0, 101, 93
AA, PHX, ELP, 20200706, 0, 0, 76, 77
AA, PHX, ELP, 20200730, 0, 0, 86, 78
AA, PHX, ELP, 20200731, 0, 0, 86, 74
AS, SEA, ELP, 20200701, 0, 0, 205, 191
AS, SEA, ELP, 20200702, 0, 0, 205, 200
AS, SEA, ELP, 20200703, 0, 0, 205, 208
AS, SEA, ELP, 20200704, 0, 0, 205, 198
AS, SEA, ELP, 20200705, 0, 0, 205, 197
AS, SEA, ELP, 20200706, 0, 0, 205, 196
AS, SEA, ELP, 20200707, 0, 0, 205, 191
AS, SEA, ELP, 20200708, 0, 0, 205, 190
AS, SEA, ELP, 20200709, 0, 0, 205, 186
AS, SEA, ELP, 20200710, 0, 0, 205, 193
AS, SEA, ELP, 20200711, 0, 0, 205, 199
AS, SEA, ELP, 20200712, 0, 0, 205, 189
AS, SEA, ELP, 20200713, 0, 0, 205, 193
AS, SEA, ELP, 20200714, 0, 0, 205, 195
AS, SEA, ELP, 20200715, 0, 0, 205, 200
AS, SEA, ELP, 20200716, 0, 0, 205, 212
AS, SEA, ELP, 20200717, 0, 0, 205, 201
AS, SEA, ELP, 20200718, 0, 0, 205, 203
AS, SEA, ELP, 20200719, 0, 0, 205, 208
AS, SEA, ELP, 20200720, 0, 0, 205, 217
AS, SEA, ELP, 20200721, 0, 0, 205, 219
AS, SEA, ELP, 20200722, 0, 0, 205, 208
AS, SEA, ELP, 20200723, 0, 0, 205, 217
AS, SEA, ELP, 20200724, 0, 0, 205, 220
AS, SEA, ELP, 20200725, 0, 0, 205, 210
AS, SEA, ELP, 20200726, 0, 0, 205, 218
AS, SEA, ELP, 20200727, 0, 0, 205, 213
AS, SEA, ELP, 20200728, 0, 0, 205, 205
AS, SEA, ELP, 20200729, 0, 0, 205, 191
AS, SEA, ELP, 20200730, 0, 0, 205, 187
WN, DAL, ELP, 20200722, 0, 0, 95, 89
WN, DAL, ELP, 20200722, 0, 0, 100, 90
WN, DAL, ELP, 20200722, 0, 0, 95, 88
WN, HOU, ELP, 20200722, 0, 0, 100, 97
WN, LAS, ELP, 20200722, 0, 0, 100, 97
WN, PHX, ELP, 20200722, 0, 0, 70, 59
WN, PHX, ELP, 20200722, 0, 0, 75, 72
WN, PHX, ELP, 20200722, 0, 0, 65, 62
WN, DAL, ELP, 20200723, 0, 0, 100, 87
WN, DAL, ELP, 20200723, 0, 0, 95, 81
WN, DAL, ELP, 20200723, 0, 0, 95, 81
WN, HOU, ELP, 20200723, 0, 0, 100, 106
WN, LAS, ELP, 20200723, 0, 0, 100, 95
WN, DAL, ELP, 20200701, 0, 0, 95, 95
WN, DAL, ELP, 20200701, 0, 0, 100, 103
WN, DAL, ELP, 20200701, 0, 0, 95, 95
WN, DAL, ELP, 20200701, 0, 0, 100, 96
WN, LAS, ELP, 20200701, 0, 0, 100, 91
WN, PHX, ELP, 20200701, 0, 0, 70, 59
WN, PHX, ELP, 20200701, 0, 0, 75, 62
WN, PHX, ELP, 20200701, 0, 0, 65, 62
WN, DAL, ELP, 20200702, 0, 0, 100, 95
WN, DAL, ELP, 20200702, 0, 0, 95, 90
WN, DAL, ELP, 20200702, 0, 0, 95, 94
WN, DAL, ELP, 20200702, 0, 0, 100, 90
WN, LAS, ELP, 20200702, 0, 0, 100, 90
WN, PHX, ELP, 20200702, 0, 0, 70, 58
WN, PHX, ELP, 20200702, 0, 0, 75, 62
WN, PHX, ELP, 20200702, 0, 0, 65, 64
WN, DAL, ELP, 20200703, 0, 0, 100, 90
WN, DAL, ELP, 20200703, 0, 0, 95, 89
WN, DAL, ELP, 20200703, 0, 0, 95, 93
WN, DAL, ELP, 20200703, 0, 0, 85, 86
WN, DAL, ELP, 20200703, 0, 0, 95, 86
WN, LAS, ELP, 20200703, 0, 0, 100, 88
WN, PHX, ELP, 20200703, 0, 0, 70, 61
WN, PHX, ELP, 20200703, 0, 0, 75, 64
WN, PHX, ELP, 20200703, 0, 0, 65, 62
WN, PHX, ELP, 20200712, 0, 0, 70, 61
WN, PHX, ELP, 20200712, 0, 0, 75, 63
WN, PHX, ELP, 20200712, 0, 0, 65, 67
WN, DAL, ELP, 20200713, 0, 0, 100, 93
WN, DAL, ELP, 20200713, 0, 0, 95, 87
WN, DAL, ELP, 20200713, 0, 0, 95, 89
WN, HOU, ELP, 20200713, 0, 0, 100, 98
WN, LAS, ELP, 20200713, 0, 0, 100, 93
WN, PHX, ELP, 20200713, 0, 0, 70, 61
WN, PHX, ELP, 20200713, 0, 0, 75, 68
WN, PHX, ELP, 20200713, 0, 0, 65, 64
WN, DAL, ELP, 20200714, 0, 0, 95, 88
WN, DAL, ELP, 20200714, 0, 0, 100, 93
WN, DAL, ELP, 20200714, 0, 0, 95, 83
WN, HOU, ELP, 20200714, 0, 0, 100, 99
WN, LAS, ELP, 20200714, 0, 0, 100, 93
WN, PHX, ELP, 20200714, 0, 0, 70, 64
WN, PHX, ELP, 20200714, 0, 0, 75, 59
WN, PHX, ELP, 20200714, 0, 0, 65, 64
WN, DAL, ELP, 20200715, 0, 0, 95, 89
WN, DAL, ELP, 20200715, 0, 0, 100, 87
WN, DAL, ELP, 20200715, 0, 0, 95, 102
WN, PHX, ELP, 20200723, 0, 0, 70, 62
WN, PHX, ELP, 20200723, 0, 0, 75, 64
WN, PHX, ELP, 20200723, 0, 0, 65, 74
WN, DAL, ELP, 20200724, 0, 0, 100, 94
WN, DAL, ELP, 20200724, 0, 0, 95, 97
WN, DAL, ELP, 20200724, 0, 0, 95, 96
WN, HOU, ELP, 20200724, 0, 0, 100, 118
WN, LAS, ELP, 20200724, 0, 0, 100, 97
WN, PHX, ELP, 20200724, 0, 0, 70, 63
WN, PHX, ELP, 20200724, 0, 0, 75, 62
WN, PHX, ELP, 20200724, 0, 0, 65, 71
WN, DAL, ELP, 20200725, 0, 0, 100, 93
WN, DAL, ELP, 20200725, 0, 0, 95, 87
WN, DAL, ELP, 20200725, 0, 0, 95, 85
WN, HOU, ELP, 20200725, 0, 0, 100, 107
WN, LAS, ELP, 20200725, 0, 0, 100, 97
WN, PHX, ELP, 20200725, 0, 0, 70, 62
WN, PHX, ELP, 20200725, 0, 0, 75, 60
WN, PHX, ELP, 20200725, 0, 0, 65, 63
WN, DAL, ELP, 20200726, 0, 0, 100, 89
WN, DAL, ELP, 20200726, 0, 0, 95, 87
WN, DAL, ELP, 20200726, 0, 0, 95, 91
WN, HOU, ELP, 20200726, 0, 0, 100, 103
WN, LAS, ELP, 20200726, 0, 0, 100, 101
WN, DAL, ELP, 20200704, 0, 0, 100, 88
WN, DAL, ELP, 20200704, 0, 0, 95, 87
WN, DAL, ELP, 20200704, 0, 0, 95, 88
WN, DAL, ELP, 20200704, 0, 0, 95, 84
WN, LAS, ELP, 20200704, 0, 0, 100, 102
WN, PHX, ELP, 20200704, 0, 0, 70, 62
WN, PHX, ELP, 20200704, 0, 0, 65, 62
WN, DAL, ELP, 20200705, 0, 0, 100, 98
WN, DAL, ELP, 20200705, 0, 0, 95, 90
WN, DAL, ELP, 20200705, 0, 0, 95, 89
WN, HOU, ELP, 20200705, 0, 0, 100, 98
WN, LAS, ELP, 20200705, 0, 0, 100, 91
WN, PHX, ELP, 20200705, 0, 0, 70, 60
WN, PHX, ELP, 20200705, 0, 0, 75, 63
WN, PHX, ELP, 20200705, 0, 0, 65, 63
WN, DAL, ELP, 20200706, 0, 0, 100, 89
WN, DAL, ELP, 20200706, 0, 0, 95, 88
WN, DAL, ELP, 20200706, 0, 0, 95, 96
WN, HOU, ELP, 20200706, 0, 0, 100, 105
WN, LAS, ELP, 20200706, 0, 0, 100, 91
WN, PHX, ELP, 20200706, 0, 0, 70, 60
WN, PHX, ELP, 20200706, 0, 0, 75, 65
WN, PHX, ELP, 20200706, 0, 0, 65, 61
WN, HOU, ELP, 20200715, 0, 0, 100, 122
WN, LAS, ELP, 20200715, 0, 0, 100, 95
WN, PHX, ELP, 20200715, 0, 0, 70, 64
WN, PHX, ELP, 20200715, 0, 0, 75, 65
WN, PHX, ELP, 20200715, 0, 0, 65, 67
WN, DAL, ELP, 20200716, 0, 0, 100, 91
WN, DAL, ELP, 20200716, 0, 0, 95, 93
WN, DAL, ELP, 20200716, 0, 0, 95, 86
WN, HOU, ELP, 20200716, 0, 0, 100, 97
WN, LAS, ELP, 20200716, 0, 0, 100, 96
WN, PHX, ELP, 20200716, 0, 0, 70, 65
WN, PHX, ELP, 20200716, 0, 0, 75, 64
WN, PHX, ELP, 20200716, 0, 0, 65, 65
WN, DAL, ELP, 20200717, 0, 0, 100, 93
WN, DAL, ELP, 20200717, 0, 0, 95, 86
WN, DAL, ELP, 20200717, 0, 0, 95, 94
WN, HOU, ELP, 20200717, 0, 0, 100, 114
WN, LAS, ELP, 20200717, 0, 0, 100, 101
WN, PHX, ELP, 20200717, 0, 0, 70, 63
WN, PHX, ELP, 20200717, 0, 0, 75, 71
WN, PHX, ELP, 20200717, 0, 0, 65, 64
WN, PHX, ELP, 20200726, 0, 0, 70, 61
WN, PHX, ELP, 20200726, 0, 0, 75, 68
WN, PHX, ELP, 20200726, 0, 0, 65, 60
WN, DAL, ELP, 20200727, 0, 0, 100, 85
WN, DAL, ELP, 20200727, 0, 0, 95, 90
WN, DAL, ELP, 20200727, 0, 0, 95, 88
WN, HOU, ELP, 20200727, 0, 0, 100, 98
WN, LAS, ELP, 20200727, 0, 0, 100, 95
WN, PHX, ELP, 20200727, 0, 0, 70, 62
WN, PHX, ELP, 20200727, 0, 0, 75, 63
WN, PHX, ELP, 20200727, 0, 0, 65, 68
WN, DAL, ELP, 20200728, 0, 0, 95, 85
WN, DAL, ELP, 20200728, 0, 0, 100, 88
WN, DAL, ELP, 20200728, 0, 0, 95, 86
WN, HOU, ELP, 20200728, 0, 0, 100, 97
WN, LAS, ELP, 20200728, 0, 0, 100, 91
WN, PHX, ELP, 20200728, 0, 0, 70, 66
WN, PHX, ELP, 20200728, 0, 0, 75, 63
WN, PHX, ELP, 20200728, 0, 0, 65, 67
WN, DAL, ELP, 20200729, 0, 0, 95, 88
WN, DAL, ELP, 20200729, 0, 0, 100, 90
WN, DAL, ELP, 20200729, 0, 0, 95, 89
WN, DAL, ELP, 20200707, 0, 0, 95, 95
WN, DAL, ELP, 20200707, 0, 0, 100, 92
WN, DAL, ELP, 20200707, 0, 0, 95, 90
WN, HOU, ELP, 20200707, 0, 0, 100, 103
WN, LAS, ELP, 20200707, 0, 0, 100, 92
WN, PHX, ELP, 20200707, 0, 0, 70, 60
WN, PHX, ELP, 20200707, 0, 0, 75, 60
WN, PHX, ELP, 20200707, 0, 0, 65, 70
WN, DAL, ELP, 20200708, 0, 0, 95, 91
WN, DAL, ELP, 20200708, 0, 0, 100, 94
WN, DAL, ELP, 20200708, 0, 0, 95, 88
WN, HOU, ELP, 20200708, 0, 0, 100, 101
WN, LAS, ELP, 20200708, 0, 0, 100, 92
WN, PHX, ELP, 20200708, 0, 0, 70, 61
WN, PHX, ELP, 20200708, 0, 0, 75, 62
WN, PHX, ELP, 20200708, 0, 0, 65, 61
WN, DAL, ELP, 20200709, 0, 0, 100, 91
WN, DAL, ELP, 20200709, 0, 0, 95, 84
WN, DAL, ELP, 20200709, 0, 0, 95, 86
WN, HOU, ELP, 20200709, 0, 0, 100, 99
WN, LAS, ELP, 20200709, 0, 0, 100, 91
WN, PHX, ELP, 20200709, 0, 0, 70, 61
WN, PHX, ELP, 20200709, 0, 0, 75, 65
WN, PHX, ELP, 20200709, 0, 0, 65, 66
WN, DAL, ELP, 20200718, 0, 0, 100, 84
WN, DAL, ELP, 20200718, 0, 0, 95, 91
WN, DAL, ELP, 20200718, 0, 0, 95, 88
WN, HOU, ELP, 20200718, 0, 0, 100, 102
WN, LAS, ELP, 20200718, 0, 0, 100, 105
WN, PHX, ELP, 20200718, 0, 0, 70, 66
WN, PHX, ELP, 20200718, 0, 0, 75, 64
WN, PHX, ELP, 20200718, 0, 0, 65, 68
WN, DAL, ELP, 20200719, 0, 0, 100, 87
WN, DAL, ELP, 20200719, 0, 0, 95, 88
WN, DAL, ELP, 20200719, 0, 0, 95, 89
WN, HOU, ELP, 20200719, 0, 0, 100, 113
WN, LAS, ELP, 20200719, 0, 0, 100, 88
WN, PHX, ELP, 20200719, 0, 0, 70, 64
WN, PHX, ELP, 20200719, 0, 0, 75, 62
WN, PHX, ELP, 20200719, 0, 0, 65, 65
WN, DAL, ELP, 20200720, 0, 0, 100, 87
WN, DAL, ELP, 20200720, 0, 0, 95, 88
WN, DAL, ELP, 20200720, 0, 0, 95, 90
WN, HOU, ELP, 20200720, 0, 0, 100, 138
WN, LAS, ELP, 20200720, 0, 0, 100, 96
WN, PHX, ELP, 20200720, 0, 0, 70, 64
WN, PHX, ELP, 20200720, 0, 0, 75, 67
WN, PHX, ELP, 20200720, 0, 0, 65, 65
WN, HOU, ELP, 20200729, 0, 0, 100, 94
WN, LAS, ELP, 20200729, 0, 0, 100, 93
WN, PHX, ELP, 20200729, 0, 0, 70, 61
WN, PHX, ELP, 20200729, 0, 0, 75, 64
WN, PHX, ELP, 20200729, 0, 0, 65, 63
WN, DAL, ELP, 20200730, 0, 0, 100, 91
WN, DAL, ELP, 20200730, 0, 0, 95, 88
WN, DAL, ELP, 20200730, 0, 0, 95, 92
WN, HOU, ELP, 20200730, 0, 0, 100, 96
WN, LAS, ELP, 20200730, 0, 0, 100, 89
WN, PHX, ELP, 20200730, 0, 0, 70, 64
WN, PHX, ELP, 20200730, 0, 0, 75, 68
WN, PHX, ELP, 20200730, 0, 0, 65, 61
WN, DAL, ELP, 20200731, 0, 0, 100, 93
WN, DAL, ELP, 20200731, 0, 0, 95, 95
WN, DAL, ELP, 20200731, 0, 0, 95, 94
WN, HOU, ELP, 20200731, 0, 0, 100, 105
WN, LAS, ELP, 20200731, 0, 0, 100, 96
WN, PHX, ELP, 20200731, 0, 0, 70, 71
WN, PHX, ELP, 20200731, 0, 0, 75, 61
WN, PHX, ELP, 20200731, 0, 0, 65, 61
WN, DAL, ELP, 20200710, 0, 0, 100, 88
WN, DAL, ELP, 20200710, 0, 0, 95, 87
WN, DAL, ELP, 20200710, 0, 0, 95, 89
WN, HOU, ELP, 20200710, 0, 0, 100, 98
WN, LAS, ELP, 20200710, 0, 0, 100, 98
WN, PHX, ELP, 20200710, 0, 0, 70, 61
WN, PHX, ELP, 20200710, 0, 0, 75, 65
WN, PHX, ELP, 20200710, 0, 0, 65, 63
WN, DAL, ELP, 20200711, 0, 0, 100, 90
WN, DAL, ELP, 20200711, 0, 0, 95, 94
WN, DAL, ELP, 20200711, 0, 0, 95, 96
WN, HOU, ELP, 20200711, 0, 0, 100, 104
WN, LAS, ELP, 20200711, 0, 0, 100, 93
WN, PHX, ELP, 20200711, 0, 0, 70, 67
WN, PHX, ELP, 20200711, 0, 0, 75, 63
WN, PHX, ELP, 20200711, 0, 0, 65, 62
WN, DAL, ELP, 20200712, 0, 0, 100, 86
WN, DAL, ELP, 20200712, 0, 0, 95, 90
WN, DAL, ELP, 20200712, 0, 0, 95, 89
WN, HOU, ELP, 20200712, 0, 0, 100, 100
WN, LAS, ELP, 20200712, 0, 0, 100, 92
WN, DAL, ELP, 20200721, 0, 0, 95, 86
WN, DAL, ELP, 20200721, 0, 0, 100, 86
WN, DAL, ELP, 20200721, 0, 0, 95, 85
WN, HOU, ELP, 20200721, 0, 0, 100, 98
WN, LAS, ELP, 20200721, 0, 0, 100, 92
WN, PHX, ELP, 20200721, 0, 0, 70, 59
WN, PHX, ELP, 20200721, 0, 0, 75, 62
WN, PHX, ELP, 20200721, 0, 0, 65, 62
UA, IAH, ELP, 20200730, 0, 0, 107, 110
UA, IAH, ELP, 20200703, 0, 0, 108, 107
UA, IAH, ELP, 20200715, 0, 0, 112, 117
UA, IAH, ELP, 20200731, 0, 0, 112, 111
UA, IAH, ELP, 20200701, 0, 0, 108, 111
UA, IAH, ELP, 20200725, 0, 0, 107, 114
UA, IAH, ELP, 20200717, 0, 0, 107, 104
UA, IAH, ELP, 20200719, 0, 0, 112, 116
UA, IAH, ELP, 20200711, 0, 0, 112, 101
UA, IAH, ELP, 20200703, 0, 0, 112, 102
UA, IAH, ELP, 20200715, 0, 0, 107, 104
UA, IAH, ELP, 20200705, 0, 0, 108, 108
UA, IAH, ELP, 20200723, 0, 0, 112, 103
UA, IAH, ELP, 20200722, 0, 0, 107, 101
UA, IAH, ELP, 20200731, 0, 0, 107, 114
UA, IAH, ELP, 20200701, 0, 0, 112, 109
UA, IAH, ELP, 20200708, 0, 0, 112, 106
UA, IAH, ELP, 20200725, 0, 0, 112, 96
UA, IAH, ELP, 20200709, 0, 0, 107, 102
UA, IAH, ELP, 20200717, 0, 0, 112, 108
UA, IAH, ELP, 20200727, 0, 0, 112, 100
UA, IAH, ELP, 20200724, 0, 0, 112, 101
UA, IAH, ELP, 20200713, 0, 0, 107, 101
UA, IAH, ELP, 20200719, 0, 0, 107, 101
UA, IAH, ELP, 20200711, 0, 0, 107, 102
UA, IAH, ELP, 20200721, 0, 0, 107, 105
UA, IAH, ELP, 20200726, 0, 0, 107, 103
UA, IAH, ELP, 20200705, 0, 0, 112, 103
UA, IAH, ELP, 20200707, 0, 0, 112, 114
UA, IAH, ELP, 20200718, 0, 0, 107, 111
UA, IAH, ELP, 20200709, 0, 0, 112, 105
UA, IAH, ELP, 20200729, 0, 0, 107, 101
UA, IAH, ELP, 20200727, 0, 0, 107, 106
UA, IAH, ELP, 20200710, 0, 0, 107, 100
UA, IAH, ELP, 20200721, 0, 0, 112, 106
UA, IAH, ELP, 20200712, 0, 0, 112, 105
UA, IAH, ELP, 20200704, 0, 0, 112, 106
UA, IAH, ELP, 20200707, 0, 0, 107, 105
UA, IAH, ELP, 20200729, 0, 0, 112, 101
UA, IAH, ELP, 20200716, 0, 0, 112, 126
UA, IAH, ELP, 20200702, 0, 0, 108, 112
UA, IAH, ELP, 20200720, 0, 0, 112, 109
UA, IAH, ELP, 20200706, 0, 0, 107, 98
UA, IAH, ELP, 20200728, 0, 0, 112, 103
UA, IAH, ELP, 20200714, 0, 0, 107, 104
UA, IAH, ELP, 20200722, 0, 0, 112, 120
UA, IAH, ELP, 20200708, 0, 0, 107, 103
UA, IAH, ELP, 20200730, 0, 0, 112, 104
UA, IAH, ELP, 20200724, 0, 0, 107, 105
UA, IAH, ELP, 20200726, 0, 0, 112, 106
UA, IAH, ELP, 20200718, 0, 0, 112, 113
UA, IAH, ELP, 20200710, 0, 0, 112, 108
UA, IAH, ELP, 20200712, 0, 0, 107, 110
UA, IAH, ELP, 20200704, 0, 0, 108, 102
UA, IAH, ELP, 20200716, 0, 0, 107, 104
UA, IAH, ELP, 20200702, 0, 0, 112, 112
UA, IAH, ELP, 20200720, 0, 0, 107, 99
UA, IAH, ELP, 20200728, 0, 0, 107, 106
UA, IAH, ELP, 20200714, 0, 0, 112, 101
UA, IAH, ELP, 20200723, 0, 0, 107, 117
UA, IAH, ELP, 20200706, 0, 0, 112, 125
UA, IAH, ELP, 20200713, 0, 0, 112, 106
AA, PHX, ELP, 20200707, 0, 0, 76, 85
AA, PHX, ELP, 20200708, 0, 0, 76, 94
AA, PHX, ELP, 20200709, 0, 0, 76, 78
AA, PHX, ELP, 20200710, 0, 0, 76, 67
AA, PHX, ELP, 20200711, 0, 0, 76, 77
AA, PHX, ELP, 20200712, 0, 0, 76, 69
AA, PHX, ELP, 20200713, 0, 0, 76, 90
AA, PHX, ELP, 20200714, 0, 0, 76, 70
AA, PHX, ELP, 20200715, 0, 0, 76, 115
AA, PHX, ELP, 20200716, 0, 0, 76, 68
AA, PHX, ELP, 20200717, 0, 0, 76, 76
AA, PHX, ELP, 20200718, 0, 0, 76, 74
AA, PHX, ELP, 20200719, 0, 0, 76, 94
AA, PHX, ELP, 20200720, 0, 0, 76, 75
AA, PHX, ELP, 20200721, 0, 0, 76, 92
AA, PHX, ELP, 20200722, 0, 0, 76, 83
AA, PHX, ELP, 20200723, 0, 0, 76, 88
AA, PHX, ELP, 20200724, 0, 0, 76, 70
AA, PHX, ELP, 20200725, 0, 0, 76, 79
AA, PHX, ELP, 20200726, 0, 0, 76, 81
AA, PHX, ELP, 20200727, 0, 0, 76, 79
AA, PHX, ELP, 20200728, 0, 0, 76, 69
AA, PHX, ELP, 20200729, 0, 0, 76, 84
AA, PHX, ELP, 20200730, 0, 0, 76, 82
AA, PHX, ELP, 20200731, 0, 0, 76, 72
AA, DFW, ELP, 20200709, 0, 0, 103, 106
AA, DFW, ELP, 20200710, 0, 0, 103, 97
AA, DFW, ELP, 20200712, 0, 0, 103, 94
AA, DFW, ELP, 20200713, 0, 0, 103, 90
AA, DFW, ELP, 20200716, 0, 0, 103, 88
AA, DFW, ELP, 20200717, 0, 0, 103, 97
AA, DFW, ELP, 20200719, 0, 0, 103, 100
AA, DFW, ELP, 20200720, 0, 0, 103, 91
AA, DFW, ELP, 20200723, 0, 0, 103, 84
AA, DFW, ELP, 20200724, 0, 0, 103, 81
AA, DFW, ELP, 20200726, 0, 0, 103, 96
AA, DFW, ELP, 20200727, 0, 0, 103, 90
AA, DFW, ELP, 20200730, 0, 0, 103, 94
AA, DFW, ELP, 20200731, 0, 0, 103, 104
AA, DFW, ELP, 20200707, 0, 0, 96, 94
AA, DFW, ELP, 20200708, 0, 0, 96, 95
AA, DFW, ELP, 20200714, 0, 0, 96, 90
AA, DFW, ELP, 20200715, 0, 0, 96, 88
AA, DFW, ELP, 20200721, 0, 0, 96, 95
AA, DFW, ELP, 20200722, 0, 0, 96, 123
AA, DFW, ELP, 20200728, 0, 0, 96, 90
AA, DFW, ELP, 20200729, 0, 0, 96, 97
AA, DFW, ELP, 20200707, 0, 0, 101, 105
AA, DFW, ELP, 20200708, 0, 0, 101, 93
AA, DFW, ELP, 20200709, 0, 0, 101, 106
AA, DFW, ELP, 20200710, 0, 0, 101, 90
AA, DFW, ELP, 20200711, 0, 0, 101, 103
AA, DFW, ELP, 20200712, 0, 0, 101, 88
AA, DFW, ELP, 20200713, 0, 0, 101, 93
AA, DFW, ELP, 20200714, 0, 0, 101, 91
AA, DFW, ELP, 20200715, 0, 0, 101, 93
AA, DFW, ELP, 20200716, 0, 0, 101, 89
AA, DFW, ELP, 20200717, 0, 0, 101, 99
AA, DFW, ELP, 20200718, 0, 0, 101, 95
AA, DFW, ELP, 20200719, 0, 0, 101, 92
AA, DFW, ELP, 20200720, 0, 0, 101, 97
AA, DFW, ELP, 20200721, 0, 0, 101, 94
AA, DFW, ELP, 20200722, 0, 0, 101, 91
AA, DFW, ELP, 20200723, 0, 0, 101, 95
AA, DFW, ELP, 20200724, 0, 0, 101, 87
AA, DFW, ELP, 20200725, 0, 0, 101, 89
AA, DFW, ELP, 20200726, 0, 0, 101, 91
AA, DFW, ELP, 20200727, 0, 0, 101, 106
AA, DFW, ELP, 20200728, 0, 0, 101, 84
AA, DFW, ELP, 20200729, 0, 0, 101, 94
AA, DFW, ELP, 20200730, 0, 0, 101, 101
AA, DFW, ELP, 20200731, 0, 0, 101, 97
AA, DFW, ELP, 20200701, 0, 0, 97, 88
AA, DFW, ELP, 20200702, 0, 0, 97, 91
AA, DFW, ELP, 20200703, 0, 0, 97, 104
AA, DFW, ELP, 20200704, 0, 0, 97, 96
AA, DFW, ELP, 20200705, 0, 0, 97, 90
AA, DFW, ELP, 20200706, 0, 0, 97, 93
AA, DFW, ELP, 20200709, 0, 0, 98, 85
AA, DFW, ELP, 20200710, 0, 0, 98, 82
AA, DFW, ELP, 20200711, 0, 0, 98, 84
AA, DFW, ELP, 20200712, 0, 0, 98, 91
AA, DFW, ELP, 20200713, 0, 0, 98, 99
AA, DFW, ELP, 20200716, 0, 0, 98, 101
AA, DFW, ELP, 20200717, 0, 0, 98, 89
AA, DFW, ELP, 20200718, 0, 0, 98, 90
AA, DFW, ELP, 20200719, 0, 0, 98, 85
AA, DFW, ELP, 20200720, 0, 0, 98, 89
AA, DFW, ELP, 20200723, 0, 0, 98, 86
AA, DFW, ELP, 20200724, 0, 0, 98, 97
AA, DFW, ELP, 20200725, 0, 0, 98, 103
AA, DFW, ELP, 20200726, 0, 0, 98, 87
AA, DFW, ELP, 20200727, 0, 0, 98, 94
AA, DFW, ELP, 20200730, 0, 0, 98, 110
AA, DFW, ELP, 20200731, 0, 0, 98, 93
AA, PHX, ELP, 20200707, 0, 0, 86, 78
AA, PHX, ELP, 20200708, 0, 0, 86, 76
AA, PHX, ELP, 20200709, 0, 0, 86, 82
AA, PHX, ELP, 20200710, 0, 0, 86, 74
AA, PHX, ELP, 20200711, 0, 0, 86, 74
AA, PHX, ELP, 20200712, 0, 0, 86, 69
AA, PHX, ELP, 20200713, 0, 0, 86, 80
AA, PHX, ELP, 20200714, 0, 0, 86, 76
AA, PHX, ELP, 20200715, 0, 0, 86, 75
AA, PHX, ELP, 20200716, 0, 0, 86, 79
AA, PHX, ELP, 20200717, 0, 0, 86, 79
AA, PHX, ELP, 20200718, 0, 0, 86, 82
AA, PHX, ELP, 20200719, 0, 0, 86, 67
AA, PHX, ELP, 20200720, 0, 0, 86, 79
AA, PHX, ELP, 20200721, 0, 0, 86, 70
AA, PHX, ELP, 20200722, 0, 0, 86, 74
AA, PHX, ELP, 20200723, 0, 0, 86, 82
AA, PHX, ELP, 20200724, 0, 0, 86, 81
AA, PHX, ELP, 20200725, 0, 0, 86, 77
AA, PHX, ELP, 20200726, 0, 0, 86, 76
AA, PHX, ELP, 20200727, 0, 0, 86, 73
AA, PHX, ELP, 20200728, 0, 0, 86, 82
AA, PHX, ELP, 20200729, 0, 0, 86, 70
AA, DFW, ELP, 20200701, 0, 0, 98, 90
AA, DFW, ELP, 20200702, 0, 0, 98, 104
AA, DFW, ELP, 20200703, 0, 0, 98, 103
AA, DFW, ELP, 20200704, 0, 0, 98, 107
AA, DFW, ELP, 20200705, 0, 0, 98, 148
AA, DFW, ELP, 20200706, 0, 0, 98, 92
